Date,ANTM.JK,ASII.JK,AUTO.JK,BBCA.JK,BBNI.JK,BBRI.JK,BJBR.JK,BJTM.JK,BMRI.JK,CTRA.JK,DSNG.JK,ELSA.JK,EMTK.JK,ESSA.JK,ICBP.JK,INDF.JK,INTP.JK,JPFA.JK,JSMR.JK,KLBF.JK,POWR.JK,PRDA.JK,PWON.JK,SILO.JK,SMSM.JK,TLKM.JK,UNTR.JK
2023-02-24,1772.25,4661.92,1486.08,7987.13,3736.73,3937.89,1182.51,634.46,4163.44,914.22,612.82,268.37,968.12,993.62,9814.76,6074.8,10782.84,1195.66,3349.83,2184.91,542.82,5609.53,435.44,1285.4,1349.36,3653.61,17739.73
2023-02-27,1781.11,4702.46,1464.61,8079.2,3757.72,3979.25,1174.0,638.72,4173.72,957.76,608.24,268.37,953.38,1003.08,9694.18,6097.9,10709.98,1195.66,3213.89,2088.66,542.82,5495.52,445.07,1305.03,1336.17,3581.26,17899.71
2023-02-28,1763.39,4945.69,1486.08,8056.18,3684.25,3863.43,1122.96,630.2,4112.04,957.76,608.24,266.63,933.72,1012.55,9766.53,5982.41,10807.13,1227.6,3155.63,2030.91,550.93,5335.9,445.07,1285.4,1362.54,3508.91,19837.21
2023-03-01,1772.25,4986.23,1447.43,7918.08,3757.72,3904.8,1148.48,630.2,4153.16,948.08,608.24,268.37,938.64,1003.08,9549.49,5797.63,10952.84,1209.35,3155.63,2030.91,542.82,5290.29,447.0,1305.03,1353.75,3554.13,19606.13
2023-03-02,1781.11,4986.23,1554.8,7941.1,3726.23,3954.43,1152.73,634.46,4204.56,952.92,608.24,287.41,933.72,979.43,9501.26,5774.53,10807.13,1177.4,3155.63,2021.28,542.82,5358.7,445.07,1319.75,1358.15,3508.91,20139.39
2023-03-03,1767.82,4905.15,1533.33,7802.99,3673.75,3937.89,1156.99,634.46,4132.6,928.73,631.11,287.41,933.72,974.7,9380.69,5797.63,11098.56,1168.28,3243.02,1982.78,542.82,5381.5,437.37,1280.5,1375.73,3527.0,19997.19
2023-03-06,1736.8,4925.42,1567.69,7733.94,3694.74,3962.71,1152.73,630.2,4163.44,919.06,617.39,292.6,909.15,913.19,9404.8,5774.53,10977.13,1140.89,3194.47,2030.91,542.82,5176.28,437.37,1280.5,1393.31,3508.91,19659.46
2023-03-07,1719.08,4824.08,1584.87,7756.95,3736.73,4004.07,1148.48,630.2,4184.0,919.06,626.54,287.41,850.18,941.57,9621.84,5774.53,10928.56,1145.46,3145.92,2002.03,546.87,5039.46,441.22,1290.31,1384.52,3508.91,19072.88
2023-03-08,1670.34,4803.81,1529.03,7895.06,3726.23,4004.07,1139.97,630.2,4225.12,928.73,617.39,283.95,830.52,960.5,9453.03,5682.14,11147.13,1113.51,3175.05,2021.28,542.82,5153.47,439.29,1295.22,1371.33,3563.17,18770.7
2023-03-09,1661.48,4884.89,1529.03,7895.06,3841.69,3979.25,1148.48,630.2,4297.08,938.41,621.96,290.87,855.09,946.31,9453.03,5682.14,11147.13,1113.51,3155.63,2002.03,542.82,5267.49,433.51,1285.4,1397.7,3590.3,19215.08
2023-03-10,1665.91,4844.35,1503.26,7779.97,3789.21,3987.53,1139.97,630.2,4266.24,923.9,617.39,280.49,855.09,927.38,9404.8,5659.04,11147.13,1122.64,3184.76,1982.78,538.77,5267.49,429.66,1285.4,1397.7,3626.48,19072.88
2023-03-13,1639.33,4803.81,1486.08,7872.04,3778.72,3995.8,1144.23,621.69,4255.96,914.22,603.67,283.95,860.01,917.92,9308.34,5659.04,10709.98,1081.57,3126.5,2030.91,542.82,5107.87,427.73,1275.59,1388.91,3680.74,19961.64
2023-03-14,1608.31,4682.19,1434.54,7664.88,3684.25,3896.52,1131.46,617.43,4081.2,909.38,585.38,270.1,805.95,889.53,9308.34,5705.23,10685.7,1081.57,3077.96,2011.66,538.77,5039.46,421.95,1280.5,1393.31,3635.52,19268.4
2023-03-15,1643.76,4682.19,1451.72,7664.88,3694.74,3888.25,1122.96,608.91,4132.6,919.06,612.82,268.37,766.63,927.38,8994.85,5635.94,9957.13,1054.19,2971.15,1992.41,530.67,5062.26,420.03,1290.31,1322.98,3626.48,19375.05
2023-03-16,1590.59,4743.0,1443.13,7641.87,3757.72,3913.07,1088.93,600.4,4050.36,909.38,617.39,254.51,742.06,913.19,9067.19,5682.14,9471.41,985.73,2980.86,2050.16,526.62,4879.84,408.47,1275.59,1248.26,3662.65,19143.98
2023-03-17,1679.2,4743.0,1473.2,7710.92,3789.21,4053.71,1114.45,613.17,4153.16,914.22,631.11,263.17,742.06,898.99,9211.88,5659.04,9714.27,1026.81,3058.54,2136.79,530.67,5085.06,410.39,1275.59,1309.8,3662.65,20228.27
2023-03-20,1683.63,4763.27,1438.84,7733.94,3778.72,4037.16,1114.45,608.91,4112.04,899.71,626.54,259.71,717.49,889.53,9284.23,5728.33,9835.7,1013.11,3048.83,2088.66,530.67,5085.06,402.69,1270.68,1305.4,3608.39,19695.01
2023-03-21,1670.34,4763.27,1443.13,7826.01,3873.18,4053.71,1131.46,617.43,4317.64,904.55,631.11,259.71,727.32,889.53,9356.57,5659.04,9787.13,999.42,3077.96,2127.16,526.62,5153.47,410.39,1324.65,1340.57,3725.96,19535.03
2023-03-24,1679.2,4824.08,1481.79,8125.24,4041.13,4141.6,1135.72,625.95,4482.12,923.9,635.68,266.63,742.06,917.92,9621.84,5843.82,9787.13,1035.93,3077.96,2050.16,534.72,5335.9,420.03,1329.56,1344.96,3680.74,19677.23
2023-03-27,1736.8,4763.27,1481.79,8010.15,3988.64,4115.55,1148.48,625.95,4408.36,943.24,663.12,266.63,727.32,913.19,9621.84,5890.02,9665.7,1058.75,3077.96,2021.28,534.72,5290.29,420.03,1368.81,1336.17,3662.65,19766.11
2023-03-28,1767.82,4743.0,1477.49,7987.13,3952.63,4141.6,1148.48,621.69,4375.95,977.1,644.83,268.37,786.29,933.04,9742.41,5890.02,10418.56,1067.88,3068.25,2069.41,530.67,5085.06,427.73,1363.9,1358.15,3662.65,20317.14
2023-03-29,1843.14,4824.08,1434.54,8264.17,4029.28,4176.33,1169.75,625.95,4473.19,962.59,635.68,271.83,796.12,938.0,9621.84,5866.92,10321.41,1054.19,3136.21,2117.54,530.67,5039.46,423.88,1354.09,1380.12,3707.87,20708.2
2023-03-30,1852.0,4783.54,1451.72,8287.65,4094.97,4124.23,1165.49,625.95,4419.17,957.76,631.11,270.1,766.63,938.0,9525.38,5913.12,10418.56,1049.62,3116.8,2088.66,530.67,5130.67,423.88,1520.9,1371.33,3698.82,20601.55
2023-03-31,1852.0,4864.62,1451.72,8217.21,4094.97,4106.87,1156.99,625.95,4462.39,962.59,649.4,270.1,776.46,938.0,9621.84,5728.33,10224.27,1026.81,3126.5,2021.28,534.72,5358.7,437.37,1486.55,1358.15,3671.69,20690.43
2023-04-03,1852.0,4864.62,1438.84,8264.17,4094.97,4167.64,1169.75,630.2,4548.82,943.24,640.26,277.02,781.38,952.89,9621.84,5705.23,10199.99,1026.81,3184.76,2002.03,538.77,5085.06,443.15,1520.9,1358.15,3689.78,20512.67
2023-04-04,1816.55,4884.89,1438.84,8240.69,4094.97,4185.01,1174.0,621.69,4494.8,928.73,649.4,283.95,810.86,933.04,9838.87,5866.92,10151.41,1022.24,3194.47,2021.28,534.72,5244.68,443.15,1569.96,1358.15,3671.69,21063.71
2023-04-05,1860.86,4864.62,1357.23,8193.73,4084.02,4193.69,1174.0,617.43,4516.41,962.59,626.54,271.83,825.61,918.15,9766.53,5797.63,9447.13,1008.55,3233.31,2011.66,534.72,5176.28,452.78,1511.08,1349.36,3753.09,21188.13
2023-04-06,1860.86,4803.81,1365.82,8217.21,4105.92,4202.37,1178.25,621.69,4473.19,948.08,626.54,266.63,805.95,928.07,9718.3,5774.53,9617.13,1008.55,3281.86,1973.16,534.72,5062.26,454.71,1569.96,1344.96,3843.52,21188.13
2023-04-10,1789.97,4844.35,1378.7,8264.17,4084.02,4219.74,1174.0,617.43,4408.36,943.24,631.11,266.63,751.89,913.19,9718.3,5843.82,9617.13,1026.81,3310.99,1992.41,530.67,5039.46,454.71,1614.11,1344.96,3888.74,21472.54
2023-04-11,1869.72,4925.42,1408.77,8287.65,4105.92,4237.1,1165.49,617.43,4408.36,967.43,631.11,268.37,761.72,923.11,9838.87,5866.92,10029.99,1013.11,3291.57,1992.41,530.67,5176.28,456.63,1614.11,1371.33,3888.74,21614.74
2023-04-12,1869.72,5067.31,1520.44,8358.08,4094.97,4280.52,1165.49,613.17,4451.58,967.43,644.83,268.37,751.89,858.59,9694.18,5797.63,10102.84,1003.99,3213.89,1963.53,530.67,5176.28,462.42,1609.21,1327.38,3897.78,22219.1
2023-04-13,1887.44,5067.31,1511.85,8381.56,4105.92,4323.93,1174.0,613.17,4429.97,967.43,640.26,270.1,786.29,799.04,9887.1,5797.63,9908.56,994.86,3204.18,1953.91,530.67,5335.9,460.49,1584.68,1336.17,3924.91,22076.9
2023-04-14,1869.72,5026.77,1486.08,8451.99,4116.87,4406.42,1182.79,613.17,4516.41,972.27,644.83,273.56,776.46,744.44,9887.1,5820.72,9981.41,999.42,3291.57,1982.78,534.72,5267.49,468.2,1565.05,1349.36,3924.91,21490.31
2023-04-17,1878.58,5047.04,1477.49,8475.47,4138.77,4332.61,1155.18,608.91,4429.97,972.27,640.26,270.1,766.63,699.78,9862.99,5843.82,10029.99,1023.33,3194.47,1963.53,538.77,5335.9,462.42,1638.64,1362.54,3861.61,21685.84
2023-04-18,1860.86,5209.19,1632.11,8569.38,4149.72,4297.88,1164.38,608.91,4473.19,967.43,640.26,271.83,751.89,714.67,9838.87,5866.92,10054.27,1018.55,3136.21,1982.78,538.77,5381.5,456.63,1614.11,1340.57,3861.61,22094.67
2023-04-26,1869.72,5432.15,1610.64,8639.81,4193.52,4363.0,1155.18,617.43,4494.8,967.43,612.82,273.56,727.32,729.56,9838.87,6005.51,10151.41,1028.12,3155.63,2002.03,538.77,5427.11,472.05,1619.02,1331.77,3979.18,22325.75
2023-04-27,1843.14,5432.15,1640.38,8592.86,4160.67,4471.53,1164.38,613.17,4494.8,967.43,585.38,271.83,707.66,714.67,9887.1,5936.21,10199.99,1013.77,3136.21,2040.53,542.82,5381.5,456.63,1677.89,1371.33,3906.83,22094.67
2023-04-28,1860.86,5472.69,1649.39,8498.94,4127.82,4428.12,1155.18,620.61,4473.19,962.59,567.08,278.75,692.92,694.81,10200.59,5959.31,10539.98,994.64,3194.47,2040.53,554.98,5358.7,468.2,1697.52,1366.94,3843.52,25654.32
2023-05-02,1825.41,5411.89,1653.9,8498.94,4182.57,4471.53,1122.96,611.42,4538.02,967.43,571.66,280.49,678.18,650.15,10031.79,6005.51,9811.41,999.42,3243.02,1992.41,554.98,5323.39,466.27,1677.89,1454.84,3789.26,23878.93
2023-05-03,1878.58,5371.35,1622.35,8381.56,4149.72,4428.12,1113.76,602.22,4516.41,967.43,553.36,278.75,668.35,620.37,10369.4,6144.1,9714.27,1028.12,3233.31,1982.78,554.98,5157.03,462.42,1677.89,1490.01,3753.09,22214.51
2023-05-04,1887.44,5351.08,1635.87,8451.99,4073.08,4471.53,1118.36,602.22,4473.19,977.1,548.79,275.29,683.09,625.33,10417.63,6121.0,9714.27,1061.59,3233.31,2011.66,559.03,5038.21,462.42,1623.93,1472.42,3753.09,21748.47
2023-05-05,1807.69,5441.32,1635.87,8451.99,4051.18,4536.65,1109.15,593.03,4473.19,981.94,557.94,277.02,683.09,590.59,10489.97,6190.29,9714.27,1037.68,3223.6,2069.41,559.03,5038.21,456.63,1614.11,1494.4,3771.17,21437.78
2023-05-08,1834.28,5419.2,1694.46,8451.99,4007.38,4428.12,1122.96,597.62,4429.97,1059.34,544.22,278.75,688.01,610.44,10634.66,6351.98,9884.27,1013.77,3233.31,2021.28,554.98,5133.27,475.9,1614.11,1490.01,3671.69,22192.32
2023-05-09,1869.72,5596.16,1901.76,8381.56,3996.43,4449.83,1113.76,593.03,4365.14,1088.36,535.07,282.22,712.58,620.37,10610.55,6305.78,10054.27,1013.77,3398.37,1982.78,559.03,5228.33,481.68,1653.36,1529.56,3680.74,22436.43
2023-05-10,1860.86,5596.16,1802.62,8381.56,4029.28,4471.53,1118.36,602.22,4386.75,1069.01,535.07,283.95,712.58,640.22,10514.09,6375.08,9908.56,1018.55,3359.54,1982.78,571.18,5275.86,468.2,1619.02,1520.77,3735.0,22436.43
2023-05-11,1807.69,5529.8,1856.69,8287.65,4007.38,4471.53,1113.76,597.62,4408.36,1073.85,525.92,280.49,702.75,600.52,10586.43,6282.69,9932.84,1042.46,3378.96,2050.16,563.08,5275.86,470.12,1658.27,1659.02,3698.82,22036.97
2023-05-12,1772.25,5507.68,1901.76,8264.17,3941.69,4471.53,1118.36,597.62,4321.92,1088.36,521.35,278.75,688.01,575.7,10489.97,6213.39,9908.56,1061.59,3369.25,2067.8,567.13,5323.39,468.2,1589.58,1636.73,3599.35,22014.78
2023-05-15,1763.39,5618.28,1874.72,8240.69,3897.89,4471.53,1113.76,597.62,4365.14,1069.01,530.5,275.29,688.01,605.48,10610.55,6213.39,9908.56,1123.75,3272.15,2097.2,567.13,5394.68,458.56,1599.39,1627.81,3599.35,21748.47
2023-05-16,1745.66,5551.92,1798.11,8170.26,3832.19,4514.95,1104.55,593.03,4313.28,1064.17,530.5,275.29,643.78,570.74,10610.55,6305.78,9981.41,1114.19,3349.83,2156.0,571.18,5204.56,454.71,1589.58,1605.51,3599.35,21704.09
2023-05-17,1714.65,5596.16,1789.1,8240.69,3832.19,4514.95,1109.15,597.62,4321.92,1044.82,544.22,271.83,629.03,580.67,10610.55,6282.69,10078.56,1123.75,3408.08,2116.8,576.94,5228.33,447.0,1574.86,1605.51,3608.39,21326.82
2023-05-19,1732.37,5728.87,1775.58,8451.99,3865.04,4688.6,1081.54,597.62,4386.75,1059.34,530.5,273.56,663.43,550.89,10562.32,6421.27,9908.56,1118.97,3398.37,2126.6,568.33,5228.33,458.56,1491.46,1596.59,3635.52,20683.24
2023-05-22,1719.08,5839.47,1847.68,8451.99,3875.99,4710.31,1086.14,593.03,4516.41,1054.5,521.35,278.75,678.18,536.0,10610.55,6375.08,10005.7,1162.01,3453.65,2087.4,581.24,5204.56,462.42,1530.71,1645.64,3653.61,21193.66
2023-05-23,1723.51,5839.47,1811.63,8569.38,3919.79,4775.42,1095.35,593.03,4429.97,1064.17,521.35,280.49,648.69,526.07,10779.35,6421.27,9689.99,1138.1,3433.8,2077.6,572.63,5370.92,462.42,1496.37,1650.1,3653.61,21748.47
2023-05-24,1727.94,5905.83,1784.59,8475.47,3865.04,4862.25,1095.35,593.03,4386.75,1069.01,516.78,290.87,629.03,531.04,10803.46,6421.27,9762.84,1157.23,3503.27,1999.2,581.24,5323.39,460.49,1501.27,1627.81,3762.13,21837.24
2023-05-25,1723.51,5839.47,1838.67,8498.94,3941.69,4753.72,1095.35,602.22,4473.19,1064.17,530.5,287.41,609.38,511.19,10803.46,6559.86,9787.13,1181.14,3473.5,2009.0,581.24,5394.68,454.71,1481.65,1583.21,3725.96,20860.78
2023-05-26,1701.36,5839.47,1793.6,8592.86,3919.79,4862.25,1086.14,597.62,4429.97,1064.17,516.78,283.95,584.8,516.15,10803.46,6652.26,9762.84,1219.39,3463.57,2009.0,585.55,5275.86,452.78,1501.27,1583.21,3735.0,20483.51
2023-05-29,1714.65,5839.47,1775.58,8592.86,3963.58,4818.84,1081.54,597.62,4451.58,1059.34,516.78,285.68,574.98,501.26,10779.35,6652.26,10068.86,1209.83,3394.1,2067.8,585.55,5394.68,458.56,1579.77,1578.75,3798.3,20305.97
2023-05-30,1719.08,5750.99,1829.65,8686.77,3952.63,4775.42,1081.54,593.03,4451.58,1059.34,530.5,289.14,599.55,506.22,10803.46,6606.06,10167.57,1133.32,3334.56,2028.6,576.94,5370.92,458.56,1574.86,1574.22,3725.96,19973.09
2023-05-31,1679.2,5706.75,1865.71,8498.94,3963.58,4840.54,1118.36,597.62,4365.14,1035.15,521.35,285.68,584.8,484.39,11285.76,6559.86,9772.71,1142.88,3304.78,1989.4,572.63,5418.45,450.85,1619.02,1578.75,3653.61,19728.97
2023-06-05,1750.09,6038.54,1901.76,8639.81,3941.69,4710.31,1081.54,597.62,4386.75,1073.85,489.34,290.87,599.55,526.07,11141.07,6698.45,9772.71,1128.54,3324.63,2009.0,581.24,5275.86,462.42,1668.08,1601.37,3689.78,20283.78
2023-06-06,1781.11,6016.42,1874.72,8592.86,4029.28,4732.01,1095.35,597.62,4365.14,1127.06,507.63,290.87,604.46,570.74,10899.92,6813.94,9649.32,1123.75,3374.25,1999.2,581.24,5323.39,472.05,1751.48,1660.17,3698.82,20594.47
2023-06-07,1789.97,6016.42,1937.81,8545.9,4007.38,4688.6,1086.14,597.62,4343.53,1131.89,503.06,292.6,609.38,575.7,10899.92,6883.24,9575.29,1157.23,3483.42,2009.0,581.24,5418.45,491.32,1885.1,1628.51,3753.09,20283.78
2023-06-08,1758.95,5994.3,2027.94,8569.38,4029.28,4753.72,1086.14,597.62,4343.53,1112.54,516.78,297.8,604.46,590.59,10899.92,6860.14,9451.89,1152.45,3592.59,1999.2,585.55,5561.04,477.83,2024.0,1596.84,3771.17,20705.43
2023-06-09,1750.09,6016.42,2082.02,8545.9,4040.23,4710.31,1086.14,593.03,4429.97,1136.73,512.2,297.8,614.29,590.59,10972.27,6860.14,9501.25,1166.79,3741.45,2009.0,581.24,5537.27,481.68,1994.24,1614.94,3753.09,20483.51
2023-06-12,1767.82,5994.3,2145.11,8592.86,4073.08,4688.6,1086.14,593.03,4408.36,1131.89,516.78,297.8,638.86,580.67,10899.92,6883.24,9674.0,1200.26,3741.45,2018.8,581.24,5513.51,477.83,2192.67,1628.51,3816.79,20882.97
2023-06-13,1781.11,5972.19,2190.18,8592.86,3996.43,4818.84,1086.14,593.03,4408.36,1117.38,507.63,297.8,678.18,570.74,10851.7,6790.84,9674.0,1171.57,3820.84,2038.4,581.24,5370.92,477.83,2113.29,1696.36,3797.94,20394.74
2023-06-14,1798.83,6104.9,2172.15,8522.42,3930.74,4818.84,1086.14,597.62,4365.14,1117.38,516.78,297.8,678.18,615.41,10899.92,6860.14,9649.32,1171.57,3870.47,2009.0,585.55,5252.09,470.12,1944.63,1682.79,3769.67,20394.74
2023-06-15,1807.69,6082.78,2181.16,8498.94,3985.48,4797.13,1090.75,593.03,4429.97,1098.03,512.2,301.45,673.26,620.37,10924.04,6883.24,9797.39,1185.92,3880.39,2038.4,594.16,5275.86,472.05,1904.94,1642.08,3788.52,20550.09
2023-06-16,1825.41,6060.66,2253.27,8498.94,3952.63,4818.84,1086.14,593.03,4451.58,1088.36,507.63,301.45,756.81,640.22,10803.46,6721.55,9624.64,1185.92,3910.16,2058.0,598.46,5489.74,472.05,1954.55,1605.89,3741.4,20328.16
2023-06-19,1798.83,6082.78,2208.2,8451.99,3963.58,4797.13,1086.14,597.62,4429.97,1107.71,531.8,303.32,737.15,635.26,10851.7,6837.04,9748.04,1181.14,3810.92,2028.6,602.77,5204.56,472.05,2014.08,1642.08,3731.98,20550.09
2023-06-20,1789.97,6016.42,2145.11,8498.94,3974.53,4818.84,1086.14,593.03,4408.36,1064.17,531.8,305.19,717.49,575.7,10803.46,6606.06,9649.32,1171.57,3662.06,2028.6,619.99,5228.33,464.34,1914.86,1642.08,3760.25,20527.9
2023-06-21,1781.11,6127.02,2271.3,8569.38,3985.48,4840.54,1086.14,593.03,4408.36,1093.2,526.97,303.32,751.89,590.59,10924.04,6813.94,9674.0,1205.05,3662.06,2009.0,624.3,5133.27,473.98,1919.82,1628.51,3750.82,20727.63
2023-06-22,1781.11,5994.3,2271.3,8498.94,3963.58,4753.72,1081.54,593.03,4386.75,1073.85,512.47,308.94,712.58,580.67,10779.35,6675.35,9649.32,1224.17,3652.13,1979.6,619.99,5180.8,468.2,1904.94,1619.46,3713.13,20882.97
2023-06-23,1781.11,5994.3,2271.3,8498.94,3952.63,4688.6,1076.94,593.03,4386.75,1059.34,512.47,305.19,707.63,555.85,10779.35,6744.65,9674.0,1267.21,3612.44,2009.0,619.99,5157.03,468.2,1875.18,1619.46,3722.55,20749.82
2023-06-26,1799.1,6016.42,2199.19,8522.42,3996.43,4732.01,1086.14,593.03,4429.97,1035.15,517.3,314.56,697.73,545.93,10924.04,6767.75,9624.64,1243.3,3691.83,2028.6,619.99,5109.5,470.12,1810.69,1533.51,3760.25,20661.05
2023-06-27,1799.1,5994.3,2235.24,8592.86,4007.38,4710.31,1086.14,593.03,4494.8,1025.48,517.3,312.68,702.68,575.7,10924.04,6790.84,9797.39,1281.56,3771.22,2009.0,611.38,5418.45,470.12,1860.29,1583.27,3769.67,20661.05
2023-07-03,1812.94,6038.54,2343.4,8522.42,4040.23,4753.72,1086.14,593.03,4624.46,1030.31,536.64,316.43,717.53,575.7,11165.19,6698.45,9550.61,1324.59,3781.15,1979.6,632.91,5133.27,475.9,1850.37,1651.13,3769.67,20461.32
2023-07-04,1817.55,5994.3,2523.66,8498.94,3985.48,4732.01,1090.75,593.03,4538.02,1025.48,536.64,320.17,737.32,575.7,11068.73,6813.94,9476.57,1348.5,3801.0,1945.3,624.3,5204.56,479.76,1805.73,1660.17,3741.4,20505.7
2023-07-05,1831.39,5994.3,2478.6,8498.94,4007.38,4732.01,1090.75,597.62,4559.63,1039.99,551.14,322.05,742.27,625.33,11044.61,6860.14,9599.96,1315.03,3910.16,1969.8,628.6,5299.62,472.05,1785.88,1718.98,3750.82,21038.32
2023-07-06,1863.68,6016.42,2424.52,8522.42,3985.48,4710.31,1086.14,597.62,4581.24,1015.8,546.31,344.51,737.32,650.15,10996.38,6883.24,9772.71,1315.03,3949.86,1950.2,641.52,5323.39,470.12,1805.73,1691.84,3731.98,21349.01
2023-07-07,1822.17,6038.54,2334.39,8475.47,3974.53,4666.89,1090.75,597.62,4451.58,1010.96,555.98,348.26,727.42,665.04,11058.17,6961.71,9994.82,1319.81,3910.16,1950.2,645.82,5323.39,460.49,1810.69,1709.93,3731.98,21082.7
2023-07-10,1826.78,5994.3,2316.36,8498.94,3963.58,4688.6,1090.75,597.62,4473.19,1030.31,575.32,342.64,712.58,665.04,11107.21,6937.78,9970.14,1295.9,3830.77,1960.0,654.44,5252.09,472.05,1805.73,1691.84,3722.55,21393.39
2023-07-11,1845.23,6016.42,2433.53,8475.47,3930.74,4710.31,1090.75,602.22,4559.63,1049.94,599.49,348.26,752.16,684.89,11303.37,6985.63,10142.89,1295.9,3870.47,1989.4,650.13,5513.51,472.54,1984.31,1714.46,3750.82,21726.28
2023-07-12,1836.01,5994.3,2379.45,8616.33,3919.79,4732.01,1090.75,597.62,4581.24,1069.56,589.82,346.39,737.32,665.04,11425.96,7081.32,10019.5,1286.34,3810.92,1960.0,645.82,5513.51,478.39,1895.02,1795.88,3750.82,21304.63
2023-07-13,1836.01,6016.42,2415.5,8569.38,3897.89,4732.01,1095.35,597.62,4624.46,1049.94,580.15,350.13,747.22,674.96,11475.0,7129.17,10118.21,1305.47,3751.38,1979.6,641.52,5798.69,478.39,1924.78,1863.74,3694.28,21437.78
2023-07-14,1845.23,5972.19,2361.43,8639.81,3908.84,4797.13,1099.95,597.62,4667.68,1084.28,584.98,348.26,762.06,674.96,11548.56,7129.17,10216.93,1315.03,3860.54,2028.6,641.52,5798.69,484.25,1885.1,1836.6,3703.7,21437.78
2023-07-17,1836.01,5905.83,2379.45,8616.33,3919.79,4840.54,1118.36,611.42,4646.07,1069.56,580.15,352.0,771.96,699.78,11425.96,6985.63,10142.89,1319.81,3781.15,1979.6,632.91,5774.93,474.49,1845.41,1818.5,3684.85,21504.36
2023-07-18,1836.01,5817.35,2397.48,8592.86,3897.89,4883.96,1113.76,606.82,4624.46,1064.66,589.82,352.0,752.16,694.81,11524.04,7033.48,10142.89,1310.25,3791.07,1960.0,628.6,6012.58,472.54,1835.49,1836.6,3628.31,21526.55
2023-07-20,1836.01,5773.11,2514.65,8592.86,3963.58,4883.96,1118.36,606.82,4775.73,1103.91,604.32,348.26,737.32,674.96,11254.33,7009.55,10044.18,1300.69,3791.07,1911.0,641.52,6012.58,486.21,1880.14,1854.69,3628.31,21637.51
2023-07-21,1822.17,5706.75,2505.64,8592.86,3963.58,4883.96,1113.76,606.82,4797.34,1099.0,628.5,361.37,717.53,635.26,11278.85,7009.55,10216.93,1257.65,3880.39,1930.6,645.82,6012.58,488.16,1875.18,1872.79,3637.73,21748.47
2023-07-24,1822.17,5795.23,2559.71,8545.9,3952.63,4862.25,1118.36,616.01,4754.12,1113.72,618.83,363.24,702.68,665.04,11303.37,6961.71,10216.93,1243.3,3810.92,1930.6,645.82,5846.22,486.21,1855.33,1818.5,3675.43,22547.39
2023-07-25,1822.17,5750.99,2640.83,8592.86,3952.63,4905.66,1122.96,611.42,4797.34,1103.91,618.83,353.88,702.68,660.07,11009.13,6866.01,10315.64,1238.52,3830.77,1925.7,645.82,5846.22,482.3,1969.43,1818.5,3656.58,22547.39
2023-07-26,1831.39,5839.47,2748.99,8780.68,3919.79,4927.37,1118.36,606.82,4818.94,1084.28,599.49,357.62,707.63,640.22,10960.1,6866.01,10192.25,1219.39,3791.07,1896.3,637.21,5656.1,478.39,1934.71,1836.6,3656.58,23435.09
2023-07-27,1817.55,5773.11,2821.09,8663.29,3897.89,4905.66,1113.76,606.82,4862.16,1079.38,604.32,353.88,702.68,645.19,10960.1,6937.78,10068.86,1205.05,3721.6,1866.9,632.91,5679.86,472.54,1959.51,1786.84,3505.79,23412.9
2023-07-28,1808.33,5861.59,2758.0,8569.38,3886.94,4949.08,1109.15,606.82,4926.99,1079.38,594.65,350.13,658.14,650.15,10984.62,7009.55,10266.29,1224.17,3801.0,1871.8,628.6,5751.16,474.49,1944.63,1804.93,3505.79,23657.01
2023-07-31,1831.39,6060.66,2640.83,8569.38,3886.94,4905.66,1095.35,606.82,4948.6,1094.09,565.65,365.11,643.3,585.63,10984.62,7009.55,10290.96,1276.78,3840.69,1876.7,632.91,6273.99,468.63,1934.71,1809.45,3505.79,24433.74
2023-08-01,1882.14,6082.78,2667.87,8569.38,3799.35,4949.08,1090.75,606.82,4883.77,1059.75,555.98,357.62,618.56,595.56,10862.02,6698.55,10290.96,1214.61,3820.84,1768.9,632.91,5703.63,466.68,1845.41,1845.64,3534.07,24433.74
2023-08-02,1854.46,6060.66,2785.04,8639.81,3886.94,4949.08,1086.14,602.22,4926.99,1045.03,565.65,355.75,618.56,625.33,10960.1,6746.4,10439.04,1185.92,3771.22,1759.1,637.21,5822.46,462.77,1885.1,1809.45,3477.52,23723.59
2023-08-03,1854.46,6038.54,2884.18,8686.77,3919.79,4949.08,1090.75,602.22,5013.43,1054.84,565.65,357.62,628.45,625.33,10984.62,6746.4,10957.29,1195.48,3781.15,1847.3,632.91,5846.22,478.39,1929.75,1809.45,3505.79,24100.86
2023-08-04,1863.68,6016.42,2947.28,8592.86,3941.69,4840.54,1090.75,606.82,4991.82,1084.28,584.98,368.86,608.66,595.56,11033.65,6746.4,10957.29,1190.7,3721.6,1837.5,624.3,5869.99,470.58,1899.98,1836.6,3477.52,24256.2
2023-08-07,1882.14,6082.78,3055.43,8710.25,3941.69,4949.08,1090.75,606.82,5078.26,1069.56,580.15,380.09,618.56,595.56,10911.06,6770.32,10685.82,1190.7,3681.91,1813.0,632.91,5774.93,476.44,1974.39,1827.55,3468.1,24344.97
2023-08-08,1854.46,6060.66,2983.33,8639.81,3908.84,4883.96,1095.35,606.82,5099.87,1089.19,565.65,376.34,613.61,590.59,10935.58,6698.55,10587.11,1238.52,3701.75,1817.9,628.6,5965.05,474.49,2053.76,1832.13,3515.22,24433.74
2023-08-09,1854.46,6082.78,3109.51,8827.63,3974.53,4949.08,1095.35,606.82,5099.87,1084.28,560.81,381.96,618.56,555.85,10886.54,6674.62,10833.89,1310.25,3622.36,1837.5,645.82,6036.34,468.63,2043.84,1942.06,3552.92,24633.47
2023-08-10,1836.01,5972.19,3109.51,8827.63,3985.48,4949.08,1090.75,602.22,5164.7,1074.47,575.32,383.83,628.45,600.52,11229.81,6770.32,10858.57,1281.56,3691.83,1808.1,645.82,6036.34,458.87,2073.61,1887.09,3581.19,24500.32
2023-08-11,1836.01,5972.19,3127.54,8827.63,3985.48,4905.66,1086.14,606.82,5121.48,1079.38,570.48,383.83,623.51,630.3,11254.33,6746.4,10883.25,1310.25,3711.68,1813.0,680.27,5893.75,460.82,2014.08,1905.41,3590.61,24056.47
2023-08-14,1845.23,6016.42,3046.42,8780.68,4029.28,4905.66,1090.75,606.82,5143.09,1079.38,575.32,374.47,613.61,655.11,11180.77,6746.4,11130.04,1319.81,3721.6,1813.0,675.96,5917.52,462.77,2053.76,1987.86,3609.46,24367.16
2023-08-15,1836.01,5950.07,3037.41,8733.72,3985.48,4840.54,1099.95,606.82,5013.43,1113.72,570.48,376.34,608.66,650.15,11254.33,6698.55,11080.68,1300.69,3642.21,1813.0,675.96,5727.4,466.68,2024.0,2006.18,3600.04,24300.59
2023-08-16,1808.33,5972.19,2884.18,8733.72,3985.48,4797.13,1090.75,606.82,5013.43,1108.81,565.65,372.6,608.66,635.26,11450.48,6794.24,11105.36,1310.25,3652.13,1832.6,675.96,5632.33,464.73,2024.0,1923.74,3609.46,24411.55
2023-08-18,1799.1,5773.11,2902.21,8686.77,3963.58,4840.54,1086.14,606.82,4991.82,1099.0,580.15,365.11,608.66,625.33,11475.0,6746.4,11056.0,1281.56,3671.98,1808.1,663.05,5656.1,456.92,1994.24,1905.41,3543.49,23790.17
2023-08-21,1799.1,5728.87,2730.96,8616.33,3996.43,4775.42,1081.54,606.82,5035.04,1089.19,575.32,361.37,608.66,665.04,11450.48,6698.55,10858.57,1267.21,3602.51,1808.1,645.82,5656.1,449.11,1944.63,1942.06,3524.64,24034.28
2023-08-22,1794.49,5795.23,2739.97,8733.72,3985.48,4840.54,1086.14,602.22,5143.09,1113.72,599.49,365.11,603.71,650.15,11303.37,6698.55,10883.25,1248.08,3582.66,1817.9,654.44,5751.16,449.11,1984.31,1951.22,3534.07,24500.32
2023-08-23,1803.71,5795.23,2911.22,8733.72,3974.53,4862.25,1081.54,602.22,5056.65,1133.34,589.82,366.98,603.71,640.22,11278.85,6770.32,10932.61,1248.08,3572.74,1773.8,654.44,5822.46,453.01,1954.55,1914.57,3524.64,24744.44
2023-08-24,1840.62,5728.87,2920.24,8639.81,3996.43,4818.84,1081.54,602.22,5143.09,1128.44,589.82,368.86,583.92,630.3,11131.73,6722.47,11006.64,1252.87,3533.04,1773.8,658.74,5703.63,454.96,1969.43,1887.09,3505.79,23701.4
2023-08-25,1836.01,5706.75,2857.15,8710.25,3985.48,4862.25,1086.14,602.22,5099.87,1113.72,584.98,365.11,583.92,630.3,11205.29,6818.17,11154.71,1267.21,3622.36,1773.8,654.44,5798.69,447.15,1919.82,1896.25,3505.79,23124.4
2023-08-28,1840.62,5684.64,2721.95,8639.81,3985.48,4818.84,1081.54,606.82,5186.31,1128.44,594.65,366.98,588.87,620.37,11082.69,6794.24,11006.64,1286.34,3662.06,1768.9,650.13,5822.46,451.06,1904.94,1896.25,3486.95,23435.09
2023-08-29,1840.62,5662.52,2794.05,8686.77,4007.38,4862.25,1090.75,606.82,5143.09,1148.06,570.48,365.11,578.97,635.26,11156.25,6842.09,10981.96,1257.65,3979.63,1822.8,650.13,5941.28,453.01,1949.59,1841.29,3505.79,23390.7
2023-08-30,1840.62,5706.75,2920.24,8639.81,4029.28,4797.13,1090.75,606.82,5164.7,1128.44,560.81,363.24,574.02,595.56,11033.65,6746.4,10759.86,1243.3,4376.6,1808.1,658.74,6012.58,451.06,2024.0,1868.77,3590.61,23213.16
2023-08-31,1836.01,5706.75,2884.18,8616.33,4018.33,4818.84,1090.75,602.22,5207.92,1118.62,575.32,365.11,564.12,600.52,10984.62,6794.24,10562.43,1233.74,4267.44,1778.7,654.44,5988.81,439.34,1954.55,1868.77,3515.22,23080.01
2023-09-01,1803.71,5795.23,2739.97,8663.29,4018.33,4840.54,1095.35,606.82,5251.14,1108.81,575.32,383.83,583.92,615.41,10984.62,6698.55,10463.71,1243.3,4376.6,1739.5,650.13,5941.28,441.29,1934.71,1832.13,3505.79,23390.7
2023-09-04,1799.1,5839.47,2794.05,8663.29,4138.77,4883.96,1090.75,602.22,5272.75,1103.91,570.48,387.58,593.81,650.15,10984.62,6602.85,10463.71,1205.05,4336.91,1749.3,645.82,5965.05,439.34,1919.82,1800.07,3515.22,23812.36
2023-09-05,1799.1,5839.47,2776.03,8663.29,4215.41,4883.96,1090.75,606.82,5272.75,1103.91,570.48,381.96,588.87,640.22,10960.1,6555.01,10562.43,1181.14,4426.23,1734.6,650.13,5988.81,445.2,1899.98,1781.75,3524.64,24145.24
2023-09-06,1794.49,5773.11,2794.05,8592.86,4193.52,4840.54,1095.35,606.82,5229.53,1069.56,570.48,389.45,569.07,665.04,10837.5,6578.93,10636.46,1190.7,4376.6,1705.2,650.13,5917.52,437.39,1885.1,1800.07,3571.76,24322.78
2023-09-07,1803.71,5662.52,2875.17,8616.33,4160.67,4732.01,1086.14,602.22,5078.26,1035.22,570.48,385.71,578.97,640.22,10984.62,6650.7,10562.43,1166.79,4396.45,1670.9,650.13,6012.58,431.53,1880.14,1800.07,3543.49,24100.86
2023-09-08,1794.49,5662.52,2848.13,8569.38,4105.92,4645.19,1081.54,597.62,5099.87,1030.31,555.98,389.45,569.07,635.26,10911.06,6626.78,10685.82,1181.14,4366.68,1685.6,650.13,5893.75,429.58,1865.25,1786.33,3477.52,24234.01
2023-09-11,1803.71,5640.4,2848.13,8569.38,4138.77,4710.31,1086.14,597.62,5121.48,1049.94,560.81,389.45,593.81,665.04,10960.1,6650.7,10883.25,1205.05,4475.85,1822.8,650.13,6012.58,431.53,1959.51,1841.29,3486.95,23878.93
2023-09-12,1794.49,5574.04,2821.09,8545.9,4073.08,4666.89,1081.54,597.62,5078.26,1049.94,575.32,396.94,578.97,694.81,10984.62,6555.01,10685.82,1195.48,4446.07,1783.6,650.13,5917.52,433.48,1909.9,1809.23,3496.37,24034.28
2023-09-13,1766.81,5574.04,2794.05,8522.42,4094.97,4688.6,1081.54,597.62,5056.65,1054.84,575.32,404.43,564.12,739.48,10984.62,6602.85,10858.57,1185.92,4465.92,1749.3,654.44,6036.34,439.34,1954.55,1809.23,3496.37,24123.05
2023-09-14,1752.97,5596.16,2875.17,8545.9,4138.77,4710.31,1081.54,597.62,5035.04,1040.12,560.81,398.81,569.07,729.56,10788.46,6411.47,10759.86,1162.01,4416.3,1749.3,654.44,5988.81,439.34,1974.39,1832.13,3468.1,24322.78
2023-09-15,1752.97,5574.04,2884.18,8451.99,4149.72,4666.89,1086.14,597.62,5121.48,1010.69,575.32,402.56,539.38,779.19,10763.94,6459.31,10611.79,1152.45,4406.38,1729.7,645.82,5988.81,431.53,1929.75,1827.55,3505.79,25232.66
2023-09-18,1702.23,5574.04,2866.16,8451.99,4094.97,4623.48,1081.54,588.43,5099.87,1020.5,565.65,400.69,529.48,749.41,10641.35,6315.77,10118.21,1128.54,4396.45,1778.7,645.82,6036.34,431.53,1934.71,1887.09,3468.1,24944.17
2023-09-19,1697.61,5618.28,3010.37,8522.42,4138.77,4666.89,1081.54,593.03,5186.31,995.97,565.65,404.43,534.43,804.0,10616.83,6387.54,10216.93,1123.75,4406.38,1754.2,658.74,5965.05,427.63,1944.63,1887.09,3515.22,25143.9
2023-09-20,1716.06,5574.04,2929.25,8592.86,4193.52,4666.89,1081.54,593.03,5251.14,1000.88,589.82,391.32,554.23,808.96,10641.35,6507.16,9994.82,1118.97,4366.68,1715.0,663.05,5988.81,423.72,1944.63,1887.09,3590.61,25299.24
2023-09-21,1693.0,5485.56,2848.13,8569.38,4204.46,4645.19,1076.94,588.43,5186.31,995.97,580.15,389.45,539.38,764.3,10984.62,6411.47,10118.21,1128.54,4366.68,1778.7,650.13,6012.58,425.67,1949.59,1887.09,3590.61,25143.9
2023-09-22,1706.84,5485.56,2803.07,8522.42,4270.16,4645.19,1081.54,588.43,5186.31,1010.69,584.98,385.71,544.33,749.41,11131.73,6483.24,9970.14,1166.79,4317.06,1744.4,650.13,6012.58,429.58,1984.31,1841.29,3637.73,25166.09
2023-09-25,1706.84,5529.8,2776.03,8451.99,4401.55,4601.77,1086.14,588.43,5186.31,995.97,604.32,391.32,539.38,764.3,11033.65,6483.24,9896.11,1195.48,4287.29,1739.5,654.44,6131.4,431.53,2014.08,1841.29,3552.92,25077.32
2023-09-26,1697.61,5485.56,2848.13,8405.03,4368.7,4514.95,1076.94,588.43,5121.48,976.34,584.98,378.22,569.07,734.52,10960.1,6411.47,9674.0,1276.78,4307.13,1768.9,654.44,6178.93,425.67,1984.31,1790.91,3543.49,24633.47
2023-09-27,1679.16,5441.32,2803.07,8334.6,4434.4,4536.65,1076.94,583.83,5186.31,991.06,570.48,383.83,574.02,754.37,10788.46,6459.31,9945.46,1238.52,4317.06,1719.9,645.82,6369.05,421.77,1979.35,1827.55,3505.79,25121.71
2023-09-29,1674.55,5507.68,2866.16,8287.65,4521.99,4536.65,1076.94,583.83,5207.92,1000.88,589.82,391.32,578.97,789.11,10862.02,6339.7,9822.07,1228.96,4257.51,1719.9,645.82,6083.87,427.63,2024.0,1942.06,3534.07,25077.32
2023-10-02,1665.32,5551.92,2857.15,8522.42,4511.04,4558.36,1076.94,583.83,5229.53,1025.41,599.49,387.58,598.76,764.3,10886.54,6459.31,9970.14,1243.3,4247.59,1749.3,650.13,6083.87,427.63,2113.29,2006.18,3534.07,24788.82
2023-10-03,1628.42,5485.56,2739.97,8639.81,4565.79,4580.07,1072.34,579.24,5251.14,1025.41,618.83,372.6,588.87,719.63,10739.42,6435.39,9970.14,1262.43,4068.95,1759.1,645.82,6131.4,427.63,2083.53,2033.66,3552.92,23967.7
2023-10-04,1605.35,5374.97,2577.74,8639.81,4543.89,4558.36,1063.13,579.24,5294.36,986.16,594.65,368.86,578.97,679.93,10984.62,6459.31,9896.11,1257.65,4059.03,1729.7,637.21,6178.93,417.86,2113.29,1951.22,3562.34,23590.43
2023-10-05,1573.06,5330.73,2550.7,8522.42,4543.89,4493.24,1058.53,574.64,5294.36,995.97,580.15,361.37,574.02,640.22,11401.44,6578.93,9994.82,1295.9,4188.04,1798.3,641.52,6131.4,412.01,2321.65,1978.7,3505.79,23213.16
2023-10-06,1582.29,5374.97,2640.83,8475.47,4554.84,4493.24,1058.53,574.64,5207.92,1010.69,594.65,365.11,638.35,665.04,11278.85,6578.93,9896.11,1295.9,4108.65,1798.3,641.52,6131.4,413.96,2281.96,1951.22,3562.34,23435.09
2023-10-09,1669.93,5419.2,2676.88,8498.94,4467.24,4449.83,1067.73,579.24,5099.87,991.06,589.82,380.09,628.45,739.48,10886.54,6555.01,9871.43,1252.87,4277.36,1744.4,637.21,5988.81,410.05,2182.75,2070.31,3543.49,23701.4
2023-10-10,1674.55,5352.85,2577.74,8381.56,4554.84,4493.24,1058.53,574.64,5186.31,995.97,599.49,378.22,633.4,749.41,10641.35,6507.16,9970.14,1267.21,4366.68,1719.9,637.21,6036.34,408.1,2232.35,2097.79,3590.61,23856.74
2023-10-11,1674.55,5352.85,2640.83,8381.56,4532.94,4558.36,1058.53,574.64,5229.53,1015.59,589.82,378.22,603.71,749.41,10494.23,6459.31,9822.07,1248.08,4386.53,1715.0,637.21,6155.17,415.91,2192.67,2262.68,3562.34,23948.8
2023-10-12,1637.64,5351.05,2694.91,8498.94,4664.33,4601.77,1063.13,579.24,5251.14,1040.12,584.98,380.09,638.35,689.85,10763.94,6435.39,9920.79,1214.61,4505.62,1705.2,641.52,6273.99,419.82,2321.65,2116.11,3609.46,23584.21
2023-10-13,1619.19,5373.53,2777.13,8522.42,4532.94,4580.07,1063.13,574.64,5251.14,1015.59,580.15,387.58,608.66,704.74,10665.87,6411.47,9871.43,1228.96,4525.47,1715.0,641.52,6083.87,413.96,2232.35,2143.59,3628.31,23766.51
2023-10-16,1665.32,5261.12,2630.96,8545.9,4554.84,4558.36,1058.53,574.64,5207.92,1005.78,580.15,393.2,603.71,719.63,10690.38,6435.39,9945.46,1214.61,4465.92,1724.8,628.6,6250.23,410.05,2262.12,2152.75,3543.49,24108.31
2023-10-17,1669.93,5261.12,2630.96,8405.03,4554.84,4471.53,1063.13,570.04,5186.31,1015.59,594.65,393.2,598.76,719.63,10690.38,6555.01,10167.57,1195.48,4694.18,1788.5,632.91,6250.23,408.1,2262.12,2061.15,3571.76,24039.95
2023-10-18,1706.84,5238.63,2630.96,8311.12,4489.14,4471.53,1067.73,574.64,5056.65,1010.69,580.15,395.07,593.81,734.52,10420.67,6507.16,9772.71,1224.17,4565.17,1768.9,628.6,6178.93,410.05,2281.96,1960.38,3534.07,23971.59
2023-10-19,1674.55,5148.7,2548.75,8217.21,4327.09,4341.3,1058.53,565.44,4948.6,981.25,565.65,381.96,574.02,689.85,10224.52,6459.31,9748.04,1166.79,4366.68,1764.0,628.6,6131.4,404.19,2311.73,1960.38,3515.22,23720.93
2023-10-20,1683.77,5126.21,2402.58,8428.51,4353.37,4384.71,1044.72,560.85,4970.21,995.97,575.32,387.58,569.07,689.85,10396.15,6387.54,9698.68,1166.79,4426.23,1734.6,624.3,6155.17,400.29,2301.8,1932.9,3486.95,23538.64
2023-10-23,1614.58,5036.28,2338.63,8311.12,4370.89,4341.3,1021.71,551.65,4905.38,971.44,555.98,383.83,554.23,660.07,10298.08,6315.77,9525.93,1142.88,4178.12,1734.6,615.69,6060.11,388.57,2281.96,1960.38,3402.13,22786.68
2023-10-24,1628.42,5216.15,2393.45,8240.69,4379.65,4428.12,1030.92,560.85,4970.21,1005.78,570.48,381.96,544.33,674.96,10592.31,6435.39,9550.61,1171.57,4267.44,1788.5,615.69,6131.4,408.1,2281.96,1987.86,3439.83,23014.54
2023-10-25,1596.12,5193.67,2420.85,8334.6,4353.37,4493.24,1044.72,565.44,5056.65,1020.5,555.98,391.32,544.33,670.0,10249.04,6459.31,9525.93,1185.92,4346.83,1724.8,637.21,6131.4,413.96,2301.8,1951.22,3392.7,23994.37
2023-10-26,1596.12,5148.7,2457.39,8193.73,4274.54,4271.83,1026.31,556.25,4926.99,1020.5,560.81,385.71,534.43,645.19,10077.4,6459.31,9229.79,1162.01,4217.82,1715.0,624.3,5941.28,400.29,2321.65,1896.25,3279.61,23857.65
2023-10-27,1591.51,5148.7,2603.56,8170.26,4248.26,4341.3,1030.92,560.85,4926.99,1015.59,560.81,417.54,534.43,625.33,10322.6,6459.31,9131.07,1171.57,4217.82,1719.9,615.69,6083.87,392.48,2381.18,1960.38,3298.46,23265.2
2023-10-30,1591.51,5216.15,2512.2,8311.12,4248.26,4341.3,1040.12,556.25,4948.6,1045.03,555.98,396.94,499.79,610.44,10322.6,6435.39,9106.39,1162.01,4128.5,1670.9,611.38,6083.87,390.53,2351.41,1978.7,3223.07,22239.8
2023-10-31,1573.06,5193.67,2521.34,8217.21,4195.71,4306.56,1044.72,556.25,4905.38,1089.19,551.14,404.43,494.85,595.56,10150.96,6363.62,9155.75,1171.57,4227.74,1656.2,611.38,6107.64,390.53,2381.18,1987.86,3289.04,22900.61
2023-11-01,1522.32,5216.15,2493.93,8076.35,4221.98,4193.69,1026.31,551.65,4883.77,1059.75,531.8,385.71,488.91,555.85,10175.48,6363.62,8983.0,1128.54,4138.42,1572.9,607.08,5965.05,382.72,2391.1,1832.13,3411.55,21966.36
2023-11-02,1522.32,5216.15,2585.29,8311.12,4265.78,4341.3,1035.52,551.65,5099.87,1099.0,536.64,391.32,504.74,570.74,10150.96,6196.16,9205.11,1147.66,4257.51,1563.1,607.08,6012.58,394.43,2480.39,1795.49,3411.55,21624.56
2023-11-03,1526.93,5306.08,2557.88,8358.08,4283.3,4428.12,1035.52,560.85,5035.04,1064.66,536.64,396.94,529.48,590.59,10249.04,6100.46,9254.46,1162.01,4326.98,1558.2,611.38,5774.93,398.34,2440.71,1804.65,3364.43,21670.13
2023-11-06,1568.45,5328.57,2530.47,8498.94,4353.37,4514.95,1044.72,560.85,5121.48,1103.91,546.31,398.81,534.43,590.59,10273.56,6076.54,9674.0,1190.7,4416.3,1582.7,607.08,5632.33,406.15,2450.63,1809.3,3439.83,21647.35
2023-11-07,1559.22,5238.63,2521.34,8428.51,4327.09,4558.36,1044.72,565.44,5078.26,1118.62,546.31,391.32,529.48,570.74,10273.56,6100.46,9698.68,1166.79,4386.53,1572.9,615.69,5418.45,410.05,2391.1,1827.9,3364.43,21305.54
2023-11-08,1531.54,5148.7,2521.34,8451.99,4274.54,4536.65,1035.52,560.85,5056.65,1108.81,541.47,391.32,534.43,565.78,10273.56,6076.54,9575.29,1152.45,4376.6,1582.7,607.08,5370.92,410.05,2430.78,1813.95,3317.31,20781.45
2023-11-09,1526.93,5171.18,2475.66,8451.99,4257.02,4514.95,1040.12,560.85,5078.26,1108.81,541.47,387.58,549.28,600.52,10249.04,6052.62,9476.57,1157.23,4436.15,1587.6,607.08,5418.45,408.1,2480.39,1790.69,3326.74,20849.81
2023-11-10,1499.25,5193.67,2420.85,8287.65,4257.02,4406.42,1040.12,556.25,4991.82,1084.28,536.64,383.83,554.23,595.56,10371.63,6052.62,9279.14,1152.45,4317.06,1558.2,611.38,5299.62,400.29,2391.1,1730.23,3345.58,21054.89
2023-11-13,1494.64,5081.25,2311.23,8334.6,4283.3,4363.0,1035.52,565.44,5035.04,1108.81,531.8,383.83,549.28,610.44,10175.48,6172.23,9303.82,1142.88,4386.53,1568.0,615.69,5323.39,402.24,2361.33,1725.58,3317.31,21191.61
2023-11-14,1494.64,5103.73,2302.09,8381.56,4274.54,4406.42,1035.52,560.85,5035.04,1103.91,531.8,391.32,534.43,635.26,10249.04,6100.46,9303.82,1162.01,4515.54,1572.9,615.69,5252.09,404.19,2401.02,1753.48,3298.46,21191.61
2023-11-15,1513.09,5171.18,2366.04,8498.94,4362.13,4558.36,1035.52,565.44,5121.48,1138.25,536.64,395.07,574.02,630.3,10371.63,6148.31,9303.82,1157.23,4684.26,1577.8,615.69,5347.15,417.86,2321.65,1827.9,3345.58,21328.33
2023-11-16,1522.32,5238.63,2384.31,8522.42,4335.85,4558.36,1040.12,565.44,5121.48,1128.44,536.64,389.45,574.02,630.3,10371.63,6172.23,9279.14,1152.45,4714.03,1582.7,619.99,5323.39,410.05,2341.49,1795.34,3336.16,21373.9
2023-11-17,1508.48,5126.21,2402.58,8522.42,4362.13,4536.65,1030.92,565.44,5099.87,1113.72,526.97,383.83,569.07,590.59,10273.56,6148.31,9328.5,1157.23,4664.41,1587.6,619.99,5299.62,406.15,2381.18,1767.44,3345.58,20849.81
2023-11-20,1485.41,5216.15,2493.93,8334.6,4362.13,4558.36,1026.31,570.04,5078.26,1094.09,531.8,387.58,574.02,585.63,10322.6,6124.39,9427.21,1142.88,4624.71,1592.5,628.6,5418.45,410.05,2331.57,1809.3,3383.28,20918.17
2023-11-21,1494.64,5193.67,2493.93,8240.69,4445.35,4514.95,1035.52,570.04,5078.26,1099.0,531.8,383.83,574.02,595.56,10298.08,6148.31,9229.79,1133.32,4644.56,1572.9,619.99,5299.62,408.1,2331.57,1776.74,3411.55,20758.66
2023-11-22,1480.8,5103.73,2402.58,8334.6,4445.35,4580.07,1030.92,570.04,5078.26,1099.0,522.14,381.96,583.92,580.67,10298.08,6076.54,9131.07,1162.01,4465.92,1612.1,619.99,5299.62,408.1,2341.49,1786.04,3402.13,20348.5
2023-11-23,1476.18,5126.21,2375.17,8381.56,4511.04,4645.19,1030.92,570.04,5099.87,1118.62,522.14,383.83,618.56,565.78,10347.12,6076.54,9131.07,1185.92,4535.39,1607.2,619.99,5323.39,415.91,2281.96,1767.44,3392.7,20530.8
2023-11-24,1480.8,5148.7,2347.77,8381.56,4554.84,4688.6,1030.92,570.04,5078.26,1099.0,531.8,381.96,623.51,565.78,10224.52,6148.31,9155.75,1152.45,4535.39,1563.1,611.38,5418.45,415.91,2331.57,1758.14,3411.55,20621.95
2023-11-27,1494.64,5058.76,2384.31,8334.6,4620.53,4645.19,1030.92,570.04,5099.87,1123.53,536.64,381.96,623.51,570.74,10445.19,6124.39,9131.07,1157.23,4525.47,1592.5,607.08,5323.39,419.82,2242.27,1753.48,3468.1,20462.44
2023-11-28,1526.93,4991.31,2347.77,8334.6,4532.94,4645.19,1040.12,574.64,5099.87,1113.72,526.97,385.71,628.45,580.67,10445.19,6100.46,9155.75,1133.32,4634.64,1572.9,611.38,5323.39,417.86,2291.88,1679.07,3552.92,20508.01
2023-11-29,1568.45,4968.83,2329.5,8358.08,4576.73,4601.77,1049.32,579.24,5056.65,1148.06,536.64,387.58,608.66,580.67,10298.08,6148.31,9279.14,1123.75,4535.39,1572.9,615.69,5299.62,412.01,2272.04,1706.97,3505.79,20462.44
2023-11-30,1605.35,4856.41,2512.2,8428.51,4620.53,4580.07,1030.92,570.04,5056.65,1108.81,541.47,389.45,638.35,550.89,11327.88,6148.31,10068.86,1123.75,4614.79,1582.7,624.3,5228.33,402.24,2718.51,1860.46,3543.49,19961.13
2023-12-01,1573.06,5171.18,2402.58,8405.03,4598.63,4645.19,1040.12,574.64,5099.87,1128.44,522.14,383.83,648.25,565.78,10322.6,6052.62,9427.21,1133.32,4684.26,1631.7,619.99,5204.56,406.15,2202.59,1739.53,3609.46,20189.0
2023-12-04,1614.58,5171.18,2366.04,8421.55,4642.43,4775.42,1035.52,574.64,5186.31,1128.44,522.14,378.22,638.35,595.56,10298.08,6076.54,9229.79,1142.88,4634.64,1607.2,628.6,5204.56,415.91,2172.82,1767.44,3590.61,20439.65
2023-12-05,1609.96,5148.7,2356.9,8397.96,4642.43,4732.01,1040.12,570.04,5164.7,1152.97,517.3,378.22,623.51,590.59,10469.71,6196.16,9353.18,1157.23,4803.35,1626.8,628.6,5133.27,412.01,2291.88,1800.0,3628.31,20097.85
2023-12-06,1568.45,5148.7,2347.77,8303.6,4576.73,4710.31,1035.52,565.44,5013.43,1128.44,512.47,376.34,598.76,575.7,10445.19,6220.08,9377.86,1171.57,4902.59,1666.0,628.6,5038.21,410.05,2281.96,1804.65,3694.28,19710.48
2023-12-07,1508.48,5103.73,2292.96,8327.19,4620.53,4753.72,1035.52,565.44,4970.21,1118.62,512.47,366.98,598.76,560.81,10445.19,6172.23,9402.54,1166.79,4763.65,1636.6,628.6,4943.15,404.19,2242.27,1809.3,3684.85,19778.84
2023-12-08,1554.61,5103.73,2283.82,8256.42,4445.35,4666.89,1035.52,565.44,4926.99,1089.19,531.8,365.11,574.02,555.85,10763.94,6124.39,9254.46,1157.23,4813.27,1612.1,632.61,5014.44,396.38,2242.27,1758.14,3713.13,20325.72
2023-12-11,1526.93,5036.28,2201.6,8256.42,4532.94,4601.77,1030.92,556.25,4991.82,1064.66,526.97,363.24,544.33,526.07,10322.6,6100.46,9303.82,1133.32,4763.65,1597.4,623.64,4943.15,388.57,2192.67,1683.72,3750.82,19892.77
2023-12-12,1499.25,5013.8,2155.93,8209.24,4620.53,4623.48,1030.92,560.85,5013.43,1079.38,526.97,355.75,534.43,516.15,10420.67,6148.31,9279.14,1142.88,4872.82,1577.8,619.15,5109.5,392.48,2232.35,1739.53,3684.85,19915.56
2023-12-13,1471.57,4968.83,2128.52,8185.65,4532.94,4601.77,1026.31,556.25,4948.6,1049.94,517.3,348.26,549.28,501.26,10347.12,6124.39,9180.43,1147.66,4644.56,1577.8,614.67,5014.44,394.43,2162.9,1688.37,3694.28,19072.45
2023-12-14,1513.09,5058.76,2155.93,8539.5,4686.23,4818.84,1026.31,560.85,5143.09,1143.16,512.47,353.88,569.07,511.19,10371.63,6124.39,9180.43,1152.45,4763.65,1568.0,614.67,5038.21,410.05,2162.9,1669.76,3713.13,19550.97
2023-12-15,1540.77,5081.25,2229.01,8704.62,4620.53,4818.84,1017.11,556.25,5099.87,1128.44,517.3,353.88,564.12,506.22,10224.52,6052.62,9180.43,1138.1,4783.5,1568.0,614.67,5085.74,412.01,2083.53,1716.28,3750.82,19391.46
2023-12-18,1536.15,5036.28,2064.57,8681.04,4554.84,4775.42,1026.31,560.85,5121.48,1123.53,526.97,353.88,564.12,496.3,10396.15,6004.77,9180.43,1138.1,4743.8,1582.7,610.18,5109.5,417.86,2103.37,1744.18,3741.4,19869.98
2023-12-19,1513.09,5058.76,2119.39,8728.21,4554.84,4818.84,1035.52,560.85,5164.7,1118.62,531.8,359.49,559.18,511.19,10371.63,6052.62,9081.71,1142.88,4843.05,1626.8,601.21,5133.27,413.96,2133.14,1800.0,3741.4,19892.77
2023-12-20,1508.48,5058.76,2165.06,8775.39,4554.84,4818.84,1035.52,560.85,5121.48,1108.81,531.8,361.37,559.18,526.07,10371.63,6004.77,9032.36,1138.1,4763.65,1582.7,619.15,5133.27,421.77,2133.14,1795.34,3731.98,19869.98
2023-12-21,1508.48,4991.31,2137.66,8798.98,4511.04,4840.54,1035.52,560.85,5164.7,1133.34,531.8,363.24,549.28,511.19,10347.12,6004.77,9032.36,1138.1,4723.95,1568.0,614.67,5109.5,419.82,2103.37,1800.0,3722.55,20052.28
2023-12-22,1536.15,4991.31,2119.39,8798.98,4598.63,4927.37,1035.52,565.44,5164.7,1133.34,531.8,365.11,539.38,506.22,10322.6,6004.77,9155.75,1142.88,4753.73,1553.3,619.15,5085.74,423.72,2103.37,1818.6,3731.98,20075.06
2023-12-27,1600.74,4991.31,2110.25,8846.16,4620.53,4883.96,1040.12,570.04,5186.31,1128.44,522.14,374.47,554.23,521.11,10371.63,6076.54,9155.75,1138.1,4723.95,1587.6,632.61,5133.27,435.44,2202.59,1846.51,3713.13,20439.65
2023-12-28,1582.29,5036.28,2119.39,8869.75,4686.23,4970.78,1049.32,570.04,5294.36,1143.16,522.14,370.73,559.18,516.15,10445.19,6172.23,9279.14,1128.54,4714.03,1587.6,632.61,5109.5,441.29,2152.98,1851.16,3731.98,20690.3
2023-12-29,1573.06,5081.25,2155.93,8869.75,4708.12,4970.78,1058.53,574.64,5229.53,1148.06,536.64,363.24,583.92,526.07,10371.63,6172.23,9279.14,1128.54,4833.12,1577.8,637.1,5133.27,443.25,2162.9,1855.81,3722.55,20621.95
2024-01-02,1600.74,5126.21,2183.33,8893.34,4708.12,5000.74,1067.73,574.64,5294.36,1143.16,526.97,368.86,578.97,555.85,10445.19,6172.23,9303.82,1118.97,4813.27,1587.6,632.61,5109.5,431.53,2143.06,1869.76,3760.25,21396.69
2024-01-03,1568.45,5036.28,2137.66,8822.57,4686.23,4934.65,1076.94,593.03,5272.75,1143.16,512.47,368.86,569.07,560.81,10420.67,6124.39,9180.43,1109.41,4813.27,1572.9,628.13,5085.74,429.58,2053.76,1860.46,3731.98,21168.82
2024-01-04,1554.61,5126.21,2165.06,8940.52,4905.21,5022.77,1090.75,597.62,5488.84,1152.97,526.97,381.96,559.18,585.63,10837.5,6172.23,9205.11,1080.72,4723.95,1558.2,637.1,5133.27,427.63,2024.0,1837.21,3741.4,21214.4
2024-01-05,1545.38,5058.76,2137.66,9034.88,4883.31,5066.83,1086.14,597.62,5553.67,1167.69,522.14,376.34,559.18,565.78,10518.75,6172.23,9106.39,1085.5,4654.48,1548.4,637.1,5085.74,433.48,1974.39,1837.21,3666.01,21191.61
2024-01-08,1522.32,5013.8,2174.2,9034.88,4883.31,4956.68,1086.14,593.03,5532.06,1202.03,522.14,372.6,549.28,570.74,10543.27,6124.39,9106.39,1090.28,4654.48,1558.2,632.61,5133.27,433.48,2014.08,1888.37,3666.01,20986.53
2024-01-09,1517.7,5013.8,2238.15,9082.06,4949.01,5022.77,1090.75,597.62,5510.45,1231.47,512.47,363.24,549.28,560.81,10812.98,6100.46,9032.36,1075.93,4753.73,1558.2,632.61,5061.97,433.48,2073.61,2027.9,3731.98,21054.89
2024-01-10,1526.93,4968.83,2329.5,9011.29,4905.21,5022.77,1086.14,602.22,5553.67,1231.47,517.3,365.11,569.07,565.78,11131.73,6076.54,9032.36,1071.15,4803.35,1548.4,641.59,5133.27,433.48,2103.37,1990.69,3769.67,21237.19
2024-01-11,1508.48,4991.31,2311.23,9034.88,4905.21,5066.83,1095.35,606.82,5575.28,1241.28,517.3,366.98,554.23,560.81,10911.06,6076.54,9180.43,1061.59,4803.35,1563.1,637.1,5109.5,437.39,2182.75,2000.0,3760.25,21237.19
2024-01-12,1499.25,5036.28,2375.17,9152.83,4905.21,5154.95,1109.15,606.82,5683.33,1221.66,526.97,385.71,549.28,600.52,10960.1,6100.46,9155.75,1052.02,4783.5,1563.1,641.59,5133.27,433.48,2162.9,2083.72,3779.1,21784.06
2024-01-15,1480.8,4968.83,2347.77,9176.42,4927.11,5132.92,1099.95,611.42,5618.5,1206.94,531.8,383.83,539.38,585.63,10911.06,6172.23,9032.36,1066.37,4694.18,1558.2,637.1,5085.74,435.44,2232.35,1990.69,3769.67,22536.03
2024-01-16,1480.8,4946.35,2347.77,9152.83,4905.21,5132.92,1099.95,606.82,5640.11,1221.66,531.8,391.32,544.33,585.63,10862.02,6172.23,9155.75,1080.72,4674.33,1553.3,637.1,5180.8,443.25,2182.75,2027.9,3779.1,22422.09
2024-01-17,1480.8,4856.41,2347.77,9200.01,4861.41,5088.86,1090.75,606.82,5640.11,1202.03,522.14,381.96,544.33,575.7,10911.06,6124.39,9057.04,1071.15,4664.41,1548.4,637.1,5038.21,425.67,2202.59,2027.9,3760.25,22080.29
2024-01-18,1494.64,4833.93,2320.36,9129.24,4861.41,5066.83,1095.35,606.82,5640.11,1216.75,531.8,383.83,549.28,560.81,11058.17,6100.46,9032.36,1061.59,4644.56,1548.4,637.1,4966.91,419.82,2192.67,1990.69,3722.55,21966.36
2024-01-19,1517.7,4811.45,2174.2,9082.06,4817.62,5110.89,1090.75,606.82,5640.11,1197.12,526.97,381.96,529.48,585.63,11327.88,6172.23,9057.04,1075.93,4714.03,1523.9,632.61,4943.15,415.91,2143.06,2037.2,3713.13,21943.57
2024-01-22,1517.7,4699.03,2192.47,9082.06,4839.51,5088.86,1095.35,602.22,5618.5,1221.66,522.14,374.47,529.48,580.67,11180.77,6148.31,8884.29,1047.24,4733.88,1523.9,628.13,4919.38,410.05,2123.22,1953.48,3750.82,21191.61
2024-01-23,1485.41,4609.1,2174.2,9058.47,4751.92,5022.77,1081.54,602.22,5618.5,1197.12,512.47,376.34,529.48,565.78,11156.25,6124.39,8933.64,1032.9,4723.95,1523.9,632.61,4943.15,404.19,2152.98,1934.88,3722.55,20690.3
2024-01-24,1416.21,4564.13,2146.79,8987.7,4795.72,4978.71,1072.34,597.62,5532.06,1202.03,502.8,368.86,519.59,540.96,11180.77,6172.23,9106.39,1018.55,4783.5,1563.1,623.64,4990.68,404.19,2182.75,1934.88,3741.4,20553.58
2024-01-25,1434.67,4541.65,2119.39,8964.11,4730.02,4868.57,1076.94,602.22,5424.01,1197.12,502.8,376.34,514.64,531.04,11180.77,6124.39,8983.0,1032.9,4664.41,1543.5,623.64,5014.44,410.05,2212.51,1860.46,3750.82,21077.68
2024-01-26,1453.12,4564.13,2037.17,8822.57,4751.92,4780.45,1076.94,597.62,5445.62,1211.84,497.96,376.34,490.89,506.22,11229.81,6148.31,9106.39,1028.12,4704.11,1509.2,628.13,4919.38,406.15,2311.73,1855.81,3750.82,20940.96
2024-01-29,1443.89,4433.73,2028.03,9011.29,4883.31,4912.62,1081.54,602.22,5596.89,1226.56,497.96,376.34,465.15,511.19,11180.77,6148.31,8958.32,1018.55,4714.03,1479.8,628.13,4943.15,412.01,2272.04,1934.88,3779.1,21259.97
2024-01-30,1443.89,4586.61,2064.57,9105.65,4949.01,4956.68,1072.34,597.62,5748.16,1231.47,493.13,376.34,463.18,496.3,11009.13,6124.39,8958.32,1013.77,4862.89,1479.8,628.13,4848.09,404.19,2331.57,1944.18,3769.67,20827.03
2024-01-31,1430.05,4609.1,2046.3,9011.29,5036.6,5022.77,1072.34,597.62,5748.16,1226.56,493.13,376.34,459.22,488.36,11548.56,6100.46,8908.96,1013.77,4962.14,1479.8,632.61,4800.56,410.05,2202.59,1879.07,3731.98,20918.17
2024-02-01,1416.21,4609.1,2037.17,9152.83,5014.7,5066.83,1063.13,597.62,5661.72,1182.41,493.13,374.47,488.91,506.22,11352.4,6076.54,8810.25,1018.55,4986.95,1479.8,632.61,4743.52,404.19,2291.88,1916.27,3807.37,20781.45
2024-02-02,1406.99,4788.96,2018.9,9152.83,5058.5,5154.95,1067.73,602.22,5769.77,1172.59,493.13,372.6,479.01,501.26,11352.4,6124.39,8810.25,1052.02,4912.52,1509.2,628.13,4715.0,404.19,2291.88,1888.37,3760.25,20827.03
2024-02-05,1328.57,4654.06,2000.63,9034.88,5036.6,5088.86,1067.73,606.82,5899.43,1177.5,517.3,370.73,457.24,540.96,11254.33,6028.69,8785.57,1071.15,4833.12,1514.1,632.61,4715.0,398.34,2272.04,1925.58,3750.82,20667.52
2024-02-06,1314.73,4721.51,2018.9,9082.06,5058.5,5132.92,1076.94,606.82,5921.04,1226.56,502.8,372.6,469.11,526.07,11303.37,6076.54,8834.93,1080.72,4892.67,1514.1,628.13,4724.51,400.29,2331.57,1953.48,3750.82,20781.45
2024-02-07,1300.89,4788.96,2091.98,9152.83,5036.6,5154.95,1076.94,611.42,6007.47,1221.66,507.63,372.6,467.13,521.11,11205.29,6076.54,8686.86,1042.46,4862.89,1470.0,628.13,4638.95,406.15,2242.27,1953.48,3750.82,20872.6
2024-02-12,1351.63,4766.48,2046.3,9247.19,5211.78,5309.16,1099.95,625.21,6137.13,1241.28,497.96,370.73,469.11,516.15,11425.96,6124.39,8785.57,1037.68,4912.52,1460.2,623.64,4705.49,410.05,2222.43,1972.09,3769.67,21168.82
2024-02-13,1425.44,4676.55,2028.03,9176.42,5146.09,5287.13,1095.35,620.61,6072.3,1231.47,497.96,374.47,459.22,521.11,11156.25,6076.54,8612.82,1028.12,4783.5,1450.4,628.13,4724.51,404.19,2192.67,1962.79,3750.82,21100.46
2024-02-15,1420.83,4609.1,2018.9,9294.37,5255.58,5397.28,1104.55,634.4,6223.57,1246.19,497.96,376.34,465.15,555.85,11425.96,6124.39,8983.0,1047.24,4813.27,1425.9,628.13,4705.49,417.86,2192.67,1944.18,3797.94,21146.04
2024-02-16,1411.6,4676.55,2009.76,9388.73,5255.58,5419.31,1109.15,629.8,6223.57,1197.12,497.96,376.34,451.3,540.96,11229.81,6148.31,8711.54,1032.9,4694.18,1455.3,628.13,4657.96,413.96,2262.12,1906.97,3920.46,21191.61
2024-02-19,1397.76,4609.1,2064.57,9317.96,5146.09,5375.25,1109.15,625.21,6180.35,1187.31,497.96,372.6,451.3,511.19,11352.4,6196.16,8711.54,1032.9,4704.11,1440.6,632.61,4486.86,412.01,2321.65,1860.46,3920.46,20918.17
2024-02-20,1388.54,4676.55,2155.93,9459.5,5277.48,5551.49,1122.96,620.61,6180.35,1216.75,493.13,376.34,461.2,511.19,11327.88,6267.93,8933.64,1042.46,4763.65,1470.0,628.13,4486.86,415.91,2281.96,1869.76,3967.58,20872.6
2024-02-21,1356.24,4721.51,2155.93,9412.32,5255.58,5551.49,1127.56,620.0,6266.79,1226.56,507.63,372.6,463.18,516.15,11254.33,6315.77,8908.96,1037.68,4793.42,1460.2,632.61,4477.35,406.15,2381.18,1860.46,3939.31,20986.53
2024-02-22,1383.92,4744.0,2119.39,9317.96,5211.78,5507.43,1118.36,615.0,6137.13,1241.28,502.8,383.83,457.24,516.15,11376.92,6435.39,8958.32,1052.02,4922.44,1455.3,628.13,4505.87,408.1,2351.41,1813.95,3854.49,21077.68
2024-02-23,1430.05,4609.1,2174.2,9270.78,5167.99,5397.28,1118.36,610.0,6093.91,1231.47,502.8,380.09,467.13,526.07,11327.88,6435.39,8933.64,1056.81,5011.76,1445.5,628.13,4429.82,402.24,2371.25,1795.34,3863.91,20781.45
2024-02-26,1397.76,4609.1,2165.06,9247.19,5167.99,5441.34,1113.76,605.0,6093.91,1216.75,497.96,376.34,457.24,506.22,11327.88,6339.7,9007.68,1099.84,5210.24,1440.6,628.13,4420.31,400.29,2301.8,1809.3,3854.49,20963.74
2024-02-27,1365.47,4654.06,2091.98,9317.96,5255.58,5397.28,1113.76,605.0,6115.52,1236.38,488.29,376.34,461.2,506.22,11376.92,6291.85,8958.32,1109.41,5408.73,1430.8,632.61,4382.29,400.29,2381.18,1860.46,3760.25,21738.49
2024-02-28,1374.7,4699.03,2137.66,9435.91,5233.68,5485.4,1122.96,605.0,6158.74,1265.81,493.13,376.34,453.28,506.22,11376.92,6339.7,8983.0,1109.41,5334.3,1425.9,632.61,4401.3,398.34,2311.73,1851.16,3760.25,21738.49
2024-02-29,1347.02,4699.03,2146.79,9317.96,5255.58,5397.28,1109.15,605.0,6050.69,1246.19,497.96,380.09,465.15,511.19,11327.88,6339.7,8958.32,1099.84,5383.92,1460.2,632.61,4382.29,396.38,2281.96,1953.48,3769.67,21442.27
2024-03-01,1365.47,4699.03,2192.47,9270.78,5167.99,5397.28,1109.15,610.0,6072.3,1295.25,502.8,361.37,469.11,506.22,11401.44,6387.54,9057.04,1118.97,5458.35,1460.2,614.67,4372.78,398.34,2291.88,1888.37,3694.28,21624.56
2024-03-04,1347.02,4676.55,2110.25,9200.01,5146.09,5331.19,1099.95,605.0,6072.3,1270.72,493.13,363.24,457.24,511.19,11229.81,6267.93,8859.61,1138.1,5359.11,1470.0,614.67,4296.73,398.34,2281.96,1860.46,3713.13,21875.21
2024-03-05,1347.02,4586.61,2018.9,9247.19,5167.99,5397.28,1090.75,600.0,6072.3,1231.47,517.3,357.62,451.3,526.07,11156.25,6220.08,8810.25,1114.19,5284.68,1455.3,610.18,4296.73,398.34,2311.73,1841.86,3647.16,21989.14
2024-03-06,1406.99,4654.06,2055.44,9388.73,5211.78,5463.37,1104.55,605.0,6115.52,1236.38,541.47,353.88,465.15,545.93,10935.58,6220.08,8785.57,1104.63,5111.0,1470.0,605.69,4173.16,398.34,2281.96,1841.86,3675.43,22171.44
2024-03-07,1453.12,4609.1,2046.3,9553.86,5233.68,5485.4,1099.95,600.0,6137.13,1211.84,570.48,357.62,455.26,540.96,10494.23,6076.54,8637.5,1147.66,5210.24,1435.7,614.67,4277.72,398.34,2291.88,1823.25,3675.43,21875.21
2024-03-08,1443.89,4631.58,2018.9,9577.45,5343.17,5595.55,1099.95,600.0,6158.74,1211.84,565.65,357.62,459.22,536.0,10567.79,6076.54,8612.82,1162.01,5210.24,1411.2,619.15,4116.12,396.38,2192.67,1860.46,3637.73,22034.72
2024-03-13,1494.64,4631.58,2018.9,9435.91,5452.67,5639.61,1095.35,600.0,6288.4,1197.12,565.65,353.88,451.3,575.7,10518.75,6028.69,8415.39,1147.66,5210.24,1396.5,614.67,3992.54,400.29,2281.96,1804.65,3675.43,21442.27
2024-03-14,1517.7,4744.0,2037.17,9742.57,5386.97,5625.88,1099.95,595.0,6396.45,1192.22,589.82,363.24,447.34,560.81,10690.38,6148.31,8588.14,1147.66,5210.24,1406.3,619.15,4030.57,400.29,2281.96,1804.65,3731.98,21989.14
2024-03-15,1490.02,4654.06,2037.17,9577.45,5323.18,5465.8,1099.95,595.0,6396.45,1206.94,609.16,370.73,409.73,555.85,10518.75,6148.31,8514.11,1147.66,5111.0,1401.4,619.15,3992.54,400.29,2311.73,1786.04,3741.4,22034.72
2024-03-18,1526.93,4631.58,2009.76,9577.45,5323.18,5488.67,1104.55,600.0,6201.96,1202.03,618.83,365.11,443.38,565.78,10641.35,6172.23,8514.11,1147.66,5235.05,1386.7,619.15,3973.53,402.24,2222.43,1781.39,3694.28,22125.87
2024-03-19,1531.54,4699.03,2037.17,9601.04,5369.07,5488.67,1099.95,595.0,6288.4,1256.0,633.33,366.98,431.51,595.56,10788.46,6148.31,8440.07,1200.26,5210.24,1386.7,619.15,3954.52,398.34,2242.27,1734.88,3713.13,22217.01
2024-03-20,1531.54,4744.0,2046.3,9553.86,5392.01,5580.14,1104.55,595.0,6405.57,1265.81,647.83,366.98,429.53,600.52,11009.13,6196.16,8440.07,1166.79,5433.54,1450.4,619.15,4011.55,394.43,2242.27,1725.58,3703.7,22376.52
2024-03-21,1568.45,4811.45,2064.57,9553.86,5323.18,5580.14,1104.55,600.0,6405.57,1275.62,594.65,365.11,427.55,630.3,10739.42,6172.23,8464.75,1176.36,5458.35,1430.8,619.15,3897.48,398.34,2232.35,1753.48,3666.01,22581.6
2024-03-22,1540.77,4833.93,2064.57,9530.27,5369.07,5603.01,1109.15,600.0,6405.57,1285.44,580.15,363.24,439.42,650.15,10911.06,6148.31,8489.43,1152.45,5408.73,1455.3,623.64,3830.94,396.38,2252.2,1720.93,3675.43,22422.09
2024-03-25,1531.54,4811.45,2064.57,9725.75,5437.9,5717.36,1118.36,600.0,6587.29,1280.53,628.5,366.98,435.46,645.19,10984.62,6172.23,8612.82,1138.1,5383.92,1489.6,619.15,3802.42,398.34,2281.96,1711.62,3515.22,22376.52
2024-03-26,1536.15,4766.48,2055.44,9701.61,5460.85,5763.1,1122.96,600.0,6519.14,1275.62,623.66,366.98,435.46,640.22,10641.35,6100.46,8588.14,1114.19,5359.11,1474.9,619.15,3764.4,412.01,2371.25,1762.79,3411.55,22148.65
2024-03-27,1508.48,4744.0,2037.17,9725.75,5437.9,5717.36,1118.36,600.0,6519.14,1280.53,618.83,365.11,427.55,665.04,10788.46,6052.62,8637.5,1109.41,5632.02,1430.8,619.15,3707.36,412.01,2341.49,1813.95,3289.04,22422.09
2024-03-28,1476.18,4631.58,2037.17,9725.75,5414.96,5534.41,1113.76,600.0,6587.29,1275.62,628.5,361.37,431.51,670.0,11376.92,6100.46,8637.5,1138.1,5507.97,1445.5,614.67,3707.36,413.96,2381.18,1832.55,3270.19,22034.72
2024-04-01,1457.73,4676.55,2028.03,9508.55,5185.51,5420.06,1113.76,600.0,6269.28,1270.72,652.67,355.75,433.48,660.0,11009.13,6148.31,8810.25,1133.32,5607.21,1435.7,614.67,3678.84,417.86,2460.55,1823.25,3307.89,21898.0
2024-04-02,1513.09,4744.0,2009.76,9556.81,5024.9,5191.36,1113.76,600.0,6269.28,1305.06,657.5,363.24,431.51,720.0,10984.62,6315.77,8711.54,1157.23,5607.21,1445.5,610.18,3669.34,417.86,2480.39,1818.6,3289.04,22695.53
2024-04-03,1517.7,4721.51,1991.49,9194.81,4887.23,5145.62,1109.15,595.0,6155.71,1236.38,691.35,370.73,419.63,720.0,10788.46,6267.93,8588.14,1147.66,5483.16,1470.0,610.18,3650.32,410.05,2569.69,1804.65,3223.07,23014.54
2024-04-04,1531.54,4654.06,2000.63,9508.55,4910.17,5214.23,1122.96,600.0,6246.56,1256.0,676.84,374.47,423.59,730.0,10812.98,6220.08,8612.82,1190.7,5458.35,1470.0,614.67,3707.36,417.86,2480.39,1827.9,3251.34,22832.25
2024-04-05,1540.77,4744.0,2018.9,9484.41,4864.28,5168.49,1118.36,595.0,6201.14,1197.12,652.67,374.47,425.57,720.0,10641.35,6220.08,8514.11,1176.36,5458.35,1450.4,614.67,3678.84,421.77,2480.39,1809.3,3232.49,23014.54
2024-04-16,1669.93,4586.61,1918.41,9146.54,4772.51,4894.06,1109.15,585.0,6019.42,1103.91,613.99,381.96,407.75,750.0,9905.77,5885.15,8662.18,1152.45,5408.73,1421.0,610.18,3536.25,398.34,2470.47,1744.18,3034.59,23926.01
2024-04-17,1656.09,4609.1,1909.27,9194.81,4818.4,4848.32,1099.95,590.0,6019.42,1113.72,613.99,376.34,393.9,725.0,9954.81,5789.46,8341.36,1114.19,5284.68,1425.9,610.18,3526.74,396.38,2430.78,1781.39,3015.74,23310.77
2024-04-18,1591.51,4586.61,1900.14,9146.54,4864.28,5008.41,1099.95,595.0,6178.42,1113.72,628.5,370.73,385.98,750.0,9905.77,5861.23,8119.25,1099.84,5210.24,1386.7,610.18,3498.23,390.53,2381.18,1744.18,3062.86,23265.2
2024-04-19,1623.8,4406.75,1836.19,9146.54,4795.45,4825.45,1075.0,590.0,6110.28,1089.19,633.33,380.09,366.19,750.0,9537.98,5837.31,7551.64,1085.5,5383.92,1372.0,610.18,3393.66,382.72,2569.69,1734.88,2968.62,23105.69
2024-04-22,1633.03,4451.71,1822.49,9025.88,4910.17,4848.32,1055.0,590.0,6110.28,1094.09,657.5,372.6,368.16,745.0,9611.54,5885.15,7625.68,1052.02,5359.11,1376.9,610.18,3298.6,390.53,2530.0,1758.14,2987.47,23060.12
2024-04-23,1605.35,4519.16,1854.46,9387.88,4818.4,4848.32,1050.0,590.0,6201.14,1118.62,667.17,378.22,368.16,730.0,9734.13,5765.54,7724.39,1052.02,5284.68,1396.5,614.67,3365.14,390.53,2420.86,1753.48,2921.5,22741.11
2024-04-24,1549.99,4415.74,1891.0,9605.08,4864.28,4779.71,1030.0,585.0,6405.57,1123.53,676.84,395.07,366.19,750.0,9979.33,5789.46,7576.32,1061.59,5210.24,1376.9,610.18,3346.13,388.57,2430.78,1725.58,2864.95,22649.96
2024-04-25,1466.96,4451.71,1863.6,9436.15,4864.28,4711.11,1010.0,585.0,6314.71,1138.25,633.33,389.45,362.23,775.0,10494.23,5933.0,7526.96,1095.06,5210.24,1401.4,614.67,3213.04,388.57,2530.0,1753.48,2864.95,22103.08
2024-04-26,1471.57,4388.76,1863.6,9291.35,4726.62,4418.38,1005.0,575.0,6132.99,1138.25,657.5,378.22,346.39,775.0,10396.15,5789.46,7502.29,1042.46,5011.76,1376.9,605.69,3194.03,384.67,2272.04,1674.41,2855.53,22011.93
2024-04-29,1490.02,4519.16,1936.68,9460.28,4795.45,4363.49,1030.0,590.0,6291.99,1162.78,647.83,378.22,370.14,785.0,10469.71,5909.08,7526.96,1075.93,5259.86,1376.9,605.69,3260.0,384.67,2331.57,1641.86,2902.65,22672.75
2024-04-30,1513.09,4631.58,1900.14,9460.28,4818.4,4519.0,1015.0,595.0,6269.28,1182.41,613.99,400.69,382.02,780.0,10665.87,5980.85,7650.36,1095.06,5359.11,1425.9,610.18,3280.0,392.48,2381.18,1674.41,2987.47,22627.17
2024-05-02,1393.15,4654.06,1918.41,9218.95,4432.92,4354.34,1010.0,580.0,5746.84,1108.81,657.5,406.3,374.1,745.0,10273.56,5956.92,7132.11,1109.41,5086.19,1460.2,610.18,3280.0,382.72,2500.24,1623.25,2940.34,22148.65
2024-05-03,1374.7,4699.03,1900.14,9508.55,4432.92,4345.19,1005.0,585.0,5587.84,1138.25,657.5,400.69,372.12,780.0,10641.35,5956.92,7107.43,1162.01,4986.95,1460.2,610.18,3230.0,378.81,2490.31,1627.9,2978.04,21829.64
2024-05-06,1397.76,4586.61,1881.87,9460.28,4414.57,4381.79,1005.0,585.0,5701.41,1177.5,647.83,395.07,395.88,785.0,10641.35,5956.92,7033.39,1219.39,5383.92,1425.9,610.18,3230.0,394.43,2500.24,1637.21,2874.37,21848.17
2024-05-07,1388.54,4541.65,1900.14,9363.75,4313.61,4272.01,1000.0,580.0,5701.41,1138.25,647.83,398.81,435.46,830.0,10567.79,5885.15,6984.04,1238.52,5135.81,1416.1,605.69,3150.0,390.53,2599.45,1590.69,2912.07,21701.87
2024-05-08,1416.21,4609.1,1892.34,9050.01,4286.08,4281.16,980.0,570.0,5701.41,1133.34,628.5,395.07,411.71,820.0,10567.79,5933.0,6712.57,1228.96,5160.62,1391.6,605.69,3100.0,374.91,2589.53,1534.88,2902.65,21555.56
2024-05-13,1406.99,4564.13,1867.95,9194.81,4387.03,4281.16,990.0,575.0,5633.27,1123.53,672.01,410.05,425.57,800.0,10101.92,5837.31,6589.18,1267.21,5111.0,1396.5,601.21,3000.0,367.09,2579.61,1530.16,2912.07,21653.1
2024-05-14,1406.99,4491.56,1843.56,9218.95,4524.7,4326.9,1000.0,580.0,5633.27,1123.53,672.01,426.9,421.61,785.0,10101.92,5909.08,6539.82,1310.25,4986.95,1381.8,605.69,3020.0,371.0,2480.39,1553.77,2940.34,21945.71
2024-05-15,1443.89,4442.52,1926.48,9170.68,4611.89,4409.23,995.0,585.0,5792.27,1113.72,633.33,411.92,411.71,785.0,10396.15,5837.31,6539.82,1310.25,5036.57,1416.1,596.72,3050.0,369.05,2500.24,1601.0,2921.5,21701.87
2024-05-16,1443.89,4619.05,1960.62,9267.21,4772.51,4427.52,995.0,590.0,5769.55,1138.25,643.0,406.3,423.59,810.0,10371.63,5885.15,6687.89,1377.2,5011.76,1416.1,601.21,3100.0,382.72,2480.39,1582.11,3010.0,21604.33
2024-05-17,1494.64,4707.31,1921.6,9412.01,4749.56,4500.71,1000.0,585.0,5973.99,1138.25,633.33,413.79,437.44,815.0,10347.12,5885.15,6761.93,1396.32,4962.14,1470.0,601.21,3080.0,388.57,2520.08,1553.77,2990.0,21750.63
2024-05-20,1526.93,4648.47,1950.86,9146.54,4570.59,4409.23,995.0,575.0,5746.84,1148.06,628.5,426.9,445.36,835.0,10298.08,5956.92,6786.61,1396.32,4962.14,1499.4,605.69,3100.0,390.53,2539.92,1539.6,2990.0,22287.08
2024-05-21,1565.0,4609.24,1931.35,9050.01,4377.86,4281.16,990.0,570.0,5474.26,1113.72,628.5,413.79,437.44,835.0,10200.0,5885.15,6910.0,1358.07,4900.0,1474.9,601.21,3000.0,384.67,2539.92,1501.82,2950.0,21872.55
2024-05-22,1525.0,4619.05,1936.23,9098.28,4368.68,4317.75,990.0,570.0,5496.98,1118.62,628.5,411.92,437.44,815.0,10273.56,5885.15,6910.0,1372.41,5000.0,1528.8,596.72,3110.0,384.67,2500.24,1511.27,2940.0,22043.24
2024-05-27,1495.0,4462.14,1867.95,8977.61,4286.08,4162.24,990.0,565.0,5292.54,1123.53,628.5,404.43,447.34,775.0,10224.52,5861.23,6700.0,1334.16,4950.0,1533.7,601.21,3170.0,378.81,2530.0,1506.54,2810.0,22067.63
2024-05-28,1515.0,4422.91,1853.32,8977.61,4322.79,4143.94,985.0,570.0,5406.12,1128.44,628.5,416.0,435.46,805.0,10396.15,5861.23,6700.0,1315.03,4880.0,1519.0,601.21,3170.0,376.86,2430.78,1511.27,2860.0,21921.32
2024-05-29,1525.0,4373.88,1809.42,8832.81,4157.59,4034.17,980.0,550.0,5269.83,1128.44,633.33,412.0,425.57,805.0,10224.52,5861.23,6575.0,1338.94,4910.0,1515.0,592.23,3050.0,372.95,2460.55,1497.1,2810.0,21970.09
2024-05-30,1490.0,4236.58,1819.18,8688.01,4120.88,4006.73,975.0,535.0,5337.97,1148.06,643.0,412.0,417.65,815.0,9954.81,5789.46,6475.0,1362.85,4890.0,1520.0,592.23,3010.0,376.86,2470.47,1468.76,2810.0,21726.25
2024-05-31,1465.0,4207.16,1750.9,8929.35,4038.27,3970.14,1010.0,500.0,5360.69,1079.38,613.99,406.0,419.63,770.0,9562.5,5622.0,6475.0,1310.25,4780.0,1490.0,596.72,3010.0,384.67,2401.02,1700.18,2900.0,21531.18
2024-06-03,1470.0,4413.1,1926.48,8953.48,4240.19,4143.94,990.0,535.0,5542.41,1094.09,633.33,422.0,417.65,790.0,10003.85,5789.46,6500.0,1305.47,4760.0,1520.0,596.72,3130.0,380.76,2549.84,1681.28,2930.0,22409.01
2024-06-04,1440.0,4491.56,1950.86,9025.88,4258.54,4070.76,990.0,530.0,5587.84,1128.44,643.0,426.0,417.65,800.0,10126.44,5837.31,7000.0,1334.16,4930.0,1540.0,596.72,3100.0,386.62,2539.92,1667.12,3000.0,22409.01
2024-06-05,1340.0,4511.17,1882.58,9122.41,4231.01,4025.02,985.0,535.0,5451.55,1128.44,633.33,414.0,389.94,715.0,10249.04,5861.23,6875.0,1305.47,5000.0,1550.0,596.72,3000.0,392.48,2510.16,1662.39,3060.0,22018.86
2024-06-06,1315.0,4471.94,1882.58,9146.54,4377.86,4116.5,995.0,535.0,5610.55,1118.62,647.83,412.0,399.84,720.0,10396.15,5933.0,7300.0,1276.78,5075.0,1575.0,596.72,3050.0,396.38,2530.0,1695.45,3050.0,22018.86
2024-06-07,1300.0,4471.94,1877.7,9001.75,4313.61,3979.28,985.0,535.0,5701.41,1123.53,638.17,414.0,385.98,715.0,10371.63,5933.0,7700.0,1300.69,5175.0,1600.0,600.48,3050.0,398.34,2530.0,1662.39,3050.0,22238.32
2024-06-10,1240.0,4422.91,1833.81,9194.81,4231.01,4025.02,980.0,525.0,5701.41,1128.44,638.17,410.0,378.06,725.0,10298.08,5909.08,7675.0,1305.47,5050.0,1595.0,595.68,3020.0,394.43,2620.0,1662.39,3010.0,21775.02
2024-06-11,1255.0,4266.0,1799.67,8977.61,4111.7,3970.14,970.0,515.0,5565.12,1118.62,638.17,412.0,372.12,805.0,10347.12,5861.23,7875.0,1276.78,5050.0,1555.0,600.48,3030.0,394.43,2640.0,1695.45,2880.0,21311.72
2024-06-12,1270.0,4275.81,1789.92,8929.35,4065.81,3979.28,955.0,505.0,5383.4,1103.91,633.33,406.0,366.19,805.0,10371.63,5933.0,7550.0,1271.99,5025.0,1565.0,590.88,2910.0,390.53,2580.0,1662.39,2920.0,21458.02
2024-06-13,1255.0,4373.88,1809.42,8881.08,4111.7,3942.69,965.0,510.0,5337.97,1099.0,643.0,404.0,376.08,795.0,10469.71,5861.23,7400.0,1271.99,4950.0,1565.0,595.68,2950.0,394.43,2630.0,1652.95,2840.0,21482.41
2024-06-14,1210.0,4334.65,1775.28,8881.08,3955.67,3823.77,955.0,500.0,5224.4,1103.91,650.0,398.0,362.23,775.0,10298.08,5813.38,7200.0,1233.74,4740.0,1565.0,590.88,2930.0,386.62,2600.0,1652.95,2720.0,20702.12
2024-06-19,1215.0,4364.07,1755.78,8736.28,3946.5,3750.59,940.0,500.0,5224.4,1064.66,650.0,406.0,348.37,780.0,10003.85,5669.84,7425.0,1324.59,4690.0,1555.0,586.07,2880.0,380.76,2570.0,1572.66,2830.0,20872.8
2024-06-20,1215.0,4364.07,1760.65,9098.28,4038.27,3906.1,950.0,505.0,5406.12,1074.47,620.0,418.0,370.14,765.0,9979.33,5669.84,7375.0,1334.16,4780.0,1560.0,590.88,2900.0,378.81,2550.0,1596.28,2840.0,21506.79
2024-06-21,1230.0,4403.3,1789.92,9267.21,4166.76,4061.61,975.0,520.0,5565.12,1103.91,620.0,432.0,376.08,765.0,10101.92,5717.69,7450.0,1381.98,4990.0,1570.0,590.88,2910.0,374.91,2600.0,1686.01,2950.0,21092.26
2024-06-24,1250.0,4344.46,1775.28,9267.21,4166.76,4025.02,965.0,520.0,5451.55,1074.47,615.0,434.0,384.0,750.0,10101.92,5669.84,7325.0,1391.54,5025.0,1550.0,595.68,2900.0,371.0,2600.0,1690.73,2950.0,21189.8
2024-06-25,1225.0,4315.03,1755.78,9267.21,4111.7,4006.73,950.0,515.0,5383.4,1069.56,610.0,448.0,390.0,750.0,9930.29,5693.77,7225.0,1362.85,5000.0,1525.0,605.29,2840.0,374.0,2570.0,1737.96,2990.0,21092.26
2024-06-26,1215.0,4334.65,1770.41,9170.68,4056.63,3997.58,955.0,515.0,5315.26,1079.38,610.0,442.0,386.0,755.0,10175.48,5645.92,7200.0,1386.76,4960.0,1535.0,605.29,2760.0,374.0,2620.0,1771.02,3000.0,21214.18
2024-06-27,1230.0,4344.46,1789.92,9412.01,4203.48,4079.91,965.0,515.0,5451.55,1099.0,615.0,442.0,390.0,755.0,10298.08,5765.54,7325.0,1386.76,4930.0,1540.0,605.29,2730.0,368.0,2720.0,1752.12,3030.0,21214.18
2024-06-28,1250.0,4373.88,1848.44,9580.95,4276.9,4207.98,970.0,525.0,5587.84,1130.0,620.0,444.0,388.0,770.0,10101.92,5813.38,7250.0,1362.85,4980.0,1525.0,614.9,2830.0,366.0,2700.0,1756.85,3130.0,21433.64
2024-07-01,1305.0,4530.79,1858.2,9532.68,4322.79,4235.42,980.0,525.0,5678.7,1130.0,655.0,434.0,392.0,790.0,10101.92,5837.31,7350.0,1401.11,4950.0,1505.0,614.9,2820.0,376.0,2790.0,1775.74,3090.0,21579.95
2024-07-02,1295.0,4442.52,1892.34,9556.81,4322.79,4180.53,975.0,525.0,5633.27,1130.0,630.0,438.0,388.0,800.0,10052.88,5837.31,7500.0,1386.76,5150.0,1440.0,619.7,2870.0,372.0,2730.0,1770.91,3040.0,21750.63
2024-07-03,1315.0,4481.75,1931.35,9653.35,4267.72,4207.98,985.0,525.0,5655.98,1130.0,625.0,436.0,396.0,800.0,10077.4,5837.31,7650.0,1410.67,5250.0,1455.0,619.7,2850.0,374.0,2750.0,1785.39,3030.0,22823.54
2024-07-04,1325.0,4462.14,1960.62,9484.41,4322.79,4381.79,990.0,530.0,5678.7,1130.0,620.0,442.0,420.0,790.0,10028.37,5813.38,7450.0,1491.96,5250.0,1470.0,634.11,2870.0,376.0,2750.0,1790.21,2960.0,23116.14
2024-07-05,1310.0,4491.56,2048.41,9605.08,4313.61,4390.93,985.0,530.0,5837.7,1165.0,625.0,448.0,416.0,790.0,10077.4,5861.23,7450.0,1472.83,5275.0,1490.0,638.92,2950.0,376.0,2740.0,1881.9,3020.0,23213.68
2024-07-08,1365.0,4550.4,2106.93,9701.61,4286.08,4345.19,995.0,535.0,5655.98,1215.0,635.0,446.0,446.0,820.0,10200.0,5933.0,7650.0,1487.18,5250.0,1560.0,648.52,2880.0,394.0,2730.0,1988.05,3080.0,23408.75
2024-07-09,1345.0,4471.94,2087.42,9725.75,4460.46,4454.97,1005.0,545.0,5792.27,1215.0,625.0,462.0,440.0,840.0,10325.0,5950.0,7600.0,1506.31,5250.0,1550.0,648.52,2820.0,392.0,2730.0,1881.9,3080.0,23091.76
2024-07-10,1345.0,4452.33,2067.91,9749.88,4423.75,4436.67,1015.0,550.0,5792.27,1230.0,625.0,460.0,430.0,865.0,10300.0,6000.0,7325.0,1487.18,5125.0,1530.0,648.52,2940.0,394.0,2730.0,1833.64,3160.0,22969.84
2024-07-11,1360.0,4422.91,2097.18,9725.75,4469.64,4427.52,1015.0,550.0,5814.98,1230.0,620.0,468.0,446.0,830.0,10300.0,5925.0,7400.0,1549.35,5300.0,1565.0,662.94,2940.0,400.0,2690.0,1828.82,3180.0,22921.07
2024-07-12,1360.0,4452.33,2097.18,9725.75,4611.89,4482.41,1025.0,555.0,5837.7,1270.0,635.0,466.0,434.0,840.0,10375.0,5950.0,7500.0,1544.56,5375.0,1560.0,658.13,2890.0,420.0,2660.0,1804.69,3220.0,22921.07
2024-07-15,1350.0,4383.68,2106.93,9701.61,4611.89,4409.23,1015.0,555.0,5769.55,1265.0,635.0,505.0,442.0,825.0,10575.0,5975.0,7375.0,1573.26,5300.0,1560.0,653.33,2900.0,418.0,2640.0,1877.07,3160.0,23164.91
2024-07-16,1340.0,4295.42,2077.67,9605.08,4570.59,4326.9,1005.0,555.0,5769.55,1265.0,635.0,520.0,440.0,870.0,10475.0,5950.0,7350.0,1573.26,5325.0,1565.0,653.33,2870.0,420.0,2660.0,1896.37,3100.0,23213.68
2024-07-17,1380.0,4373.88,2077.67,9460.28,4588.95,4354.34,1015.0,545.0,5860.41,1245.0,645.0,505.0,446.0,860.0,10750.0,6050.0,7350.0,1606.73,5200.0,1570.0,658.13,2940.0,420.0,2650.0,1852.94,3250.0,23213.68
2024-07-18,1375.0,4452.33,2077.67,9749.88,4657.78,4473.26,1015.0,550.0,5951.27,1240.0,635.0,540.0,430.0,850.0,10750.0,6075.0,7350.0,1625.86,5125.0,1570.0,658.13,2870.0,420.0,2670.0,1906.02,3210.0,23750.13
2024-07-19,1350.0,4442.52,2155.7,9774.01,4680.73,4482.41,1020.0,550.0,5928.56,1225.0,635.0,535.0,422.0,850.0,10800.0,6075.0,7350.0,1611.51,5350.0,1575.0,648.52,2880.0,420.0,2650.0,1959.1,3140.0,24042.74
2024-07-22,1340.0,4432.72,2136.19,9749.88,4680.73,4491.56,1025.0,560.0,6087.56,1265.0,645.0,530.0,424.0,835.0,10900.0,6025.0,7250.0,1616.29,5350.0,1575.0,648.52,2880.0,418.0,2650.0,1930.15,3100.0,24676.73
2024-07-23,1315.0,4364.07,2067.91,9822.28,4634.84,4381.79,1020.0,555.0,6019.42,1270.0,645.0,530.0,438.0,830.0,10725.0,6100.0,7250.0,1621.07,5450.0,1575.0,658.13,2850.0,418.0,2690.0,1925.32,3160.0,24237.81
2024-07-24,1310.0,4442.52,2058.16,9725.75,4680.73,4372.64,1015.0,550.0,5883.13,1245.0,645.0,510.0,432.0,810.0,10800.0,6000.0,7275.0,1616.29,5450.0,1575.0,658.13,2900.0,422.0,2690.0,1959.1,3060.0,24213.43
2024-07-25,1280.0,4403.3,1999.63,9942.95,4611.89,4299.46,1010.0,550.0,5973.99,1220.0,690.0,505.0,432.0,790.0,10850.0,6100.0,7325.0,1625.86,5475.0,1590.0,653.33,2850.0,412.0,2710.0,1978.4,3090.0,24286.58
2024-07-26,1295.0,4520.98,2048.41,9967.08,4588.95,4354.34,1010.0,550.0,5951.27,1210.0,710.0,520.0,426.0,820.0,10850.0,6125.0,7275.0,1601.95,5400.0,1575.0,648.52,2860.0,408.0,2700.0,1949.45,3100.0,24359.73
2024-07-29,1310.0,4520.98,2253.25,9894.68,4611.89,4372.64,1005.0,550.0,5883.13,1235.0,695.0,525.0,428.0,830.0,10825.0,6075.0,7200.0,1587.6,5400.0,1560.0,648.52,2870.0,418.0,2700.0,1915.67,3050.0,24067.12
2024-07-30,1300.0,4452.33,2223.98,9822.28,4543.06,4272.01,1005.0,555.0,5883.13,1220.0,700.0,505.0,422.0,845.0,10900.0,6050.0,7225.0,1472.83,5325.0,1565.0,648.52,2850.0,420.0,2720.0,1978.4,2880.0,24384.12
2024-07-31,1315.0,4628.85,2184.97,9918.81,4561.41,4272.01,990.0,550.0,5814.98,1255.0,685.0,510.0,408.0,840.0,10925.0,6125.0,7250.0,1568.47,5550.0,1590.0,643.72,3200.0,426.0,2780.0,1988.05,2880.0,25164.41
2024-08-01,1345.0,4648.47,2175.21,10015.35,4657.78,4345.19,1000.0,550.0,6132.99,1260.0,700.0,505.0,402.0,840.0,11000.0,6150.0,7250.0,1535.0,5400.0,1650.0,638.92,3520.0,442.0,2710.0,2113.51,2880.0,24920.57
2024-08-02,1345.0,4599.43,2165.46,9846.41,4680.73,4308.6,995.0,550.0,6178.42,1265.0,710.0,494.0,402.0,800.0,11175.0,6100.0,7225.0,1530.22,5350.0,1640.0,634.11,3420.0,442.0,2730.0,2132.82,2850.0,25018.11
2024-08-05,1285.0,4471.94,2048.41,9532.68,4552.24,4143.94,975.0,535.0,5973.99,1220.0,700.0,466.0,378.0,755.0,10900.0,6050.0,7200.0,1496.74,5300.0,1630.0,634.11,3260.0,426.0,2720.0,2094.21,2790.0,23823.28
2024-08-06,1295.0,4520.98,2087.42,9653.35,4611.89,4207.98,980.0,540.0,6019.42,1220.0,725.0,472.0,388.0,770.0,11000.0,6100.0,7125.0,1539.78,5425.0,1645.0,634.11,3160.0,440.0,2760.0,2074.91,2790.0,23555.06
2024-08-07,1295.0,4540.59,2106.93,9749.88,4588.95,4226.27,980.0,540.0,6155.71,1260.0,755.0,480.0,394.0,800.0,11050.0,6125.0,7025.0,1578.04,5400.0,1650.0,629.31,3230.0,442.0,2740.0,2026.66,2820.0,24115.89
2024-08-08,1270.0,4648.47,2067.91,9870.55,4611.89,4262.86,980.0,545.0,6178.42,1300.0,770.0,488.0,388.0,785.0,10975.0,6225.0,6900.0,1582.82,5350.0,1655.0,634.11,3160.0,456.0,2730.0,1982.49,2850.0,24018.36
2024-08-09,1285.0,4668.08,2077.67,9798.15,4703.67,4272.01,985.0,540.0,6223.85,1315.0,770.0,486.0,390.0,790.0,11200.0,6275.0,6900.0,1525.44,5475.0,1665.0,634.11,3230.0,462.0,2720.0,1962.86,2830.0,24091.51
2024-08-12,1310.0,4668.08,2067.91,9846.41,4703.67,4281.16,985.0,545.0,6269.28,1300.0,760.0,490.0,390.0,810.0,11000.0,6250.0,6975.0,1549.35,5500.0,1670.0,634.11,3220.0,458.0,2710.0,1957.96,2870.0,24579.19
2024-08-13,1310.0,4668.08,2077.67,9942.95,4749.56,4317.75,995.0,550.0,6360.14,1320.0,785.0,494.0,392.0,825.0,11175.0,6325.0,7075.0,1515.87,5500.0,1665.0,634.11,3180.0,460.0,2710.0,1933.42,2850.0,24408.5
2024-08-14,1305.0,4795.57,2165.46,9846.41,4841.34,4409.23,995.0,555.0,6428.28,1315.0,775.0,492.0,400.0,820.0,11350.0,6500.0,7100.0,1515.87,5500.0,1680.0,634.11,3180.0,456.0,2740.0,1953.05,2860.0,24432.89
2024-08-15,1385.0,4795.57,2126.44,9870.55,4818.4,4418.38,995.0,550.0,6382.85,1290.0,765.0,490.0,396.0,805.0,11275.0,6475.0,7025.0,1525.44,5400.0,1670.0,634.11,3190.0,456.0,2730.0,1913.79,2870.0,24189.04
2024-08-16,1460.0,4874.03,2136.19,9967.08,4864.28,4418.38,995.0,555.0,6428.28,1285.0,780.0,492.0,400.0,800.0,11375.0,6525.0,7075.0,1530.22,5400.0,1650.0,638.92,3200.0,454.0,2730.0,1918.7,2960.0,24457.27
2024-08-19,1470.0,4927.97,2145.95,10015.35,4910.17,4409.23,990.0,555.0,6496.43,1290.0,755.0,490.0,400.0,805.0,11400.0,6450.0,7275.0,1520.65,5425.0,1610.0,638.92,3210.0,456.0,2750.0,1903.98,2930.0,24481.65
2024-08-20,1475.0,5026.03,2165.46,10063.61,5024.9,4528.15,1000.0,560.0,6541.86,1325.0,775.0,490.0,416.0,800.0,11425.0,6525.0,7275.0,1520.65,5450.0,1700.0,638.92,3190.0,478.0,2760.0,1864.72,2980.0,24554.81
2024-08-21,1470.0,4977.0,2126.44,10063.61,5001.95,4665.37,1000.0,565.0,6587.29,1325.0,760.0,484.0,410.0,795.0,11450.0,6625.0,7175.0,1501.53,5450.0,1730.0,643.72,3160.0,470.0,2750.0,1869.63,2970.0,24530.42
2024-08-22,1440.0,4903.45,2145.95,9967.08,4841.34,4619.63,995.0,555.0,6405.57,1295.0,775.0,480.0,396.0,775.0,11350.0,6650.0,7150.0,1520.65,5475.0,1725.0,634.11,3130.0,470.0,2750.0,1874.54,2920.0,25578.94
2024-08-23,1450.0,5001.52,2175.21,9967.08,5001.95,4711.11,1000.0,565.0,6405.57,1290.0,780.0,482.0,400.0,765.0,11475.0,6700.0,7150.0,1511.09,5400.0,1720.0,643.72,3160.0,480.0,2760.0,1874.54,2950.0,26261.7
2024-08-26,1480.0,5050.55,2184.97,9967.08,5070.79,4848.32,1005.0,575.0,6405.57,1315.0,785.0,492.0,402.0,805.0,11400.0,6850.0,7050.0,1515.87,5425.0,1730.0,643.72,3160.0,492.0,2800.0,1923.61,2980.0,26286.08
2024-08-27,1470.0,5050.55,2145.95,9846.41,4956.06,4733.98,1005.0,570.0,6382.85,1300.0,785.0,488.0,402.0,805.0,11425.0,6800.0,7050.0,1578.04,5425.0,1740.0,648.52,3190.0,492.0,2760.0,1962.86,2990.0,26578.69
2024-08-28,1450.0,4927.97,2136.19,9991.21,4933.12,4711.11,1000.0,575.0,6564.57,1380.0,785.0,482.0,400.0,810.0,11400.0,6825.0,7075.0,1568.47,5425.0,1725.0,648.52,3170.0,505.0,2790.0,1953.05,2980.0,27017.6
2024-08-29,1410.0,4977.0,2145.95,9870.55,4864.28,4688.24,1000.0,575.0,6451.0,1350.0,770.0,474.0,392.0,865.0,11400.0,6800.0,7050.0,1544.56,5300.0,1700.0,648.52,3190.0,482.0,2800.0,1928.51,3030.0,26651.84
2024-08-30,1390.0,5001.52,2155.7,9967.08,4910.17,4711.11,995.0,570.0,6473.71,1300.0,790.0,480.0,402.0,890.0,11475.0,6850.0,6900.0,1525.44,5350.0,1650.0,648.52,3160.0,476.0,2820.0,1972.68,3060.0,26383.62
2024-09-02,1395.0,5099.59,2223.98,9918.81,4910.17,4733.98,1000.0,575.0,6541.86,1310.0,800.0,478.0,420.0,885.0,11500.0,6725.0,7050.0,1468.05,5275.0,1680.0,648.52,3190.0,480.0,2900.0,1992.31,3140.0,27212.68
2024-09-03,1370.0,5026.03,2214.23,9822.28,4933.12,4733.98,1000.0,565.0,6428.28,1315.0,780.0,474.0,410.0,865.0,11375.0,6775.0,7000.0,1511.09,5250.0,1680.0,648.52,3160.0,484.0,3080.0,2011.94,3080.0,27090.76
2024-09-04,1345.0,4952.48,2223.98,9942.95,4910.17,4665.37,1000.0,565.0,6519.14,1335.0,775.0,466.0,402.0,845.0,11400.0,6700.0,6800.0,1491.96,5225.0,1730.0,648.52,3110.0,486.0,3210.0,2021.75,3080.0,26968.84
2024-09-05,1345.0,4977.0,2243.49,9894.68,5001.95,4711.11,1000.0,565.0,6519.14,1350.0,845.0,472.0,404.0,845.0,11650.0,6975.0,6825.0,1558.91,5350.0,1690.0,653.33,3080.0,500.0,3250.0,2061.01,3020.0,26846.91
2024-09-06,1335.0,4952.48,2243.49,9942.95,5185.51,4779.71,1000.0,575.0,6587.29,1340.0,850.0,478.0,402.0,865.0,11450.0,7025.0,6750.0,1535.0,5225.0,1710.0,658.13,3080.0,505.0,3450.0,2021.75,3040.0,26383.62
2024-09-09,1320.0,4927.97,2204.47,9918.81,5254.35,4733.98,995.0,575.0,6587.29,1325.0,805.0,472.0,394.0,825.0,11600.0,6925.0,6800.0,1520.65,5050.0,1740.0,658.13,3060.0,500.0,2950.0,2100.27,3030.0,26578.69
2024-09-10,1320.0,4927.97,2233.74,9991.21,5231.4,4802.58,1000.0,565.0,6587.29,1340.0,805.0,472.0,394.0,815.0,11575.0,7050.0,6800.0,1506.31,4920.0,1740.0,658.13,3060.0,510.0,2890.0,2080.64,3030.0,26042.24
2024-09-11,1315.0,4927.97,2204.47,10063.61,5185.51,4733.98,995.0,570.0,6700.86,1335.0,815.0,470.0,398.0,835.0,11575.0,7000.0,6800.0,1472.83,4860.0,1720.0,667.74,3050.0,510.0,2850.0,2149.34,3040.0,25578.94
2024-09-12,1345.0,4927.97,2214.23,10111.88,5139.62,4733.98,995.0,570.0,6632.72,1350.0,840.0,480.0,404.0,820.0,11475.0,7150.0,6775.0,1477.62,4900.0,1740.0,667.74,3050.0,515.0,2880.0,2110.08,3050.0,25700.86
2024-09-13,1335.0,4977.0,2194.72,10063.61,5162.57,4848.32,995.0,570.0,6610.0,1310.0,840.0,480.0,410.0,820.0,11325.0,7100.0,6825.0,1472.83,4930.0,1705.0,662.94,3110.0,498.0,2950.0,2051.19,3110.0,25700.86
2024-09-17,1380.0,4977.0,2243.49,10136.01,5185.51,4848.32,990.0,570.0,6746.29,1300.0,825.0,480.0,406.0,820.0,11400.0,7100.0,6825.0,1496.74,5100.0,1705.0,672.54,3110.0,505.0,2920.0,2090.45,3090.0,26017.86
2024-09-18,1365.0,5148.62,2243.49,10256.68,5231.4,4894.06,995.0,580.0,6723.58,1315.0,830.0,480.0,416.0,810.0,11500.0,7075.0,6800.0,1477.62,5050.0,1750.0,672.54,3100.0,510.0,2970.0,2021.75,3120.0,26066.62
2024-09-19,1375.0,5173.14,2243.49,10522.15,5346.12,4939.8,1000.0,580.0,6723.58,1325.0,830.0,488.0,410.0,800.0,11700.0,7075.0,6825.0,1477.62,5025.0,1730.0,672.54,3110.0,515.0,3060.0,2002.12,3140.0,25969.09
2024-09-20,1370.0,5124.1,2282.51,10401.48,5277.29,4916.93,995.0,585.0,6632.72,1335.0,840.0,482.0,394.0,800.0,12000.0,7150.0,6900.0,1491.96,4940.0,1720.0,672.54,3110.0,520.0,3140.0,2110.08,3150.0,26261.7
2024-09-23,1395.0,5124.1,2282.51,10570.41,5323.18,5031.28,995.0,580.0,6769.0,1350.0,825.0,482.0,406.0,820.0,12200.0,7100.0,6800.0,1472.83,4970.0,1735.0,667.74,3090.0,520.0,3080.0,2041.38,3170.0,26456.77
2024-09-24,1410.0,5173.14,2272.75,10425.61,5323.18,5054.15,990.0,585.0,6746.29,1385.0,820.0,488.0,400.0,825.0,12425.0,7175.0,6775.0,1496.74,4960.0,1745.0,672.54,3100.0,515.0,3060.0,2011.94,3160.0,26700.61
2024-09-25,1440.0,5124.1,2233.74,10473.88,5139.62,4871.19,980.0,575.0,6541.86,1335.0,865.0,484.0,414.0,865.0,12450.0,7175.0,7000.0,1444.14,4930.0,1740.0,672.54,3230.0,505.0,3010.0,2041.38,3190.0,26773.76
2024-09-26,1425.0,5148.62,2223.98,10329.08,5139.62,4619.63,980.0,575.0,6519.14,1355.0,850.0,478.0,416.0,890.0,12775.0,7225.0,6900.0,1367.63,4970.0,1740.0,667.74,3320.0,525.0,3070.0,2061.01,3170.0,26627.46
2024-09-27,1470.0,5001.52,2175.21,10280.81,5001.95,4665.37,975.0,570.0,6405.57,1375.0,840.0,478.0,412.0,865.0,12650.0,7175.0,6850.0,1391.54,4930.0,1735.0,667.74,3220.0,515.0,3150.0,1992.31,3050.0,27017.6
2024-09-30,1480.0,4952.48,2204.47,9967.08,4910.17,4528.15,965.0,570.0,6291.99,1330.0,820.0,474.0,414.0,885.0,12325.0,7050.0,6800.0,1377.2,4930.0,1725.0,667.74,3150.0,515.0,3170.0,2002.12,2990.0,26481.15
2024-10-01,1500.0,5075.07,2204.47,10184.28,4933.12,4642.5,970.0,570.0,6405.57,1350.0,850.0,472.0,418.0,965.0,12450.0,7175.0,6825.0,1377.2,4900.0,1740.0,672.54,3140.0,530.0,3100.0,2061.01,3020.0,26773.76
2024-10-02,1535.0,5050.55,2175.21,10136.01,4910.17,4519.0,965.0,565.0,6337.42,1335.0,845.0,505.0,404.0,965.0,12200.0,7075.0,6800.0,1372.41,4880.0,1725.0,658.13,3050.0,498.0,3050.0,2061.01,2920.0,26578.69
2024-10-03,1535.0,5148.62,2272.75,10087.75,4933.12,4500.71,965.0,560.0,6405.57,1350.0,870.0,494.0,408.0,960.0,12000.0,7100.0,6925.0,1391.54,4900.0,1740.0,672.54,3110.0,500.0,3000.0,2002.12,2890.0,26554.3
2024-10-04,1525.0,5050.55,2302.02,10111.88,4887.23,4445.82,970.0,565.0,6314.71,1300.0,850.0,510.0,400.0,925.0,12125.0,7050.0,6825.0,1381.98,4880.0,1740.0,691.76,3090.0,486.0,3080.0,2031.57,2880.0,26603.07
2024-10-07,1545.0,5001.52,2302.02,9942.95,4772.51,4409.23,975.0,565.0,6246.56,1315.0,975.0,520.0,428.0,935.0,12000.0,6925.0,6950.0,1405.89,4930.0,1730.0,677.35,3130.0,490.0,2960.0,2051.19,2900.0,26408.0
2024-10-08,1525.0,5124.1,2302.02,10039.48,4910.17,4573.89,980.0,565.0,6428.28,1335.0,905.0,492.0,452.0,935.0,12300.0,7000.0,6900.0,1410.67,4920.0,1700.0,677.35,3100.0,488.0,3000.0,2051.19,2990.0,26425.0
2024-10-09,1515.0,4977.0,2302.02,10063.61,4887.23,4509.85,975.0,570.0,6314.71,1330.0,910.0,482.0,438.0,945.0,12075.0,6925.0,6875.0,1396.32,4890.0,1670.0,677.35,3100.0,484.0,2960.0,2070.82,2960.0,26600.0
2024-10-10,1535.0,5026.03,2282.51,10136.01,4887.23,4445.82,975.0,560.0,6314.71,1330.0,940.0,482.0,432.0,945.0,12050.0,7025.0,6900.0,1439.36,4940.0,1650.0,672.54,3080.0,484.0,2940.0,2061.01,2950.0,25900.0
2024-10-11,1565.0,4977.0,2302.02,10015.35,4933.12,4482.41,975.0,565.0,6314.71,1405.0,965.0,486.0,434.0,940.0,12250.0,7000.0,7225.0,1425.02,4930.0,1720.0,682.15,3080.0,505.0,2970.0,2041.38,2940.0,26150.0
2024-10-14,1630.0,4930.0,2263.0,10136.01,4979.01,4482.41,980.0,565.0,6291.99,1380.0,975.0,482.0,440.0,935.0,12350.0,7050.0,7300.0,1477.62,4880.0,1715.0,682.15,3090.0,510.0,2920.0,2041.38,2900.0,26025.0
2024-10-15,1600.0,4930.0,2290.0,10256.68,5047.84,4500.71,990.0,565.0,6405.57,1365.0,1000.0,484.0,440.0,955.0,12575.0,7200.0,7250.0,1539.78,4870.0,1750.0,686.95,3090.0,505.0,3010.0,2031.57,2940.0,25775.0
2024-10-16,1570.0,4960.0,2460.0,10111.88,5024.9,4528.15,990.0,565.0,6360.14,1395.0,1050.0,494.0,434.0,930.0,12500.0,7175.0,7400.0,1544.56,4900.0,1730.0,682.15,3020.0,510.0,3090.0,1957.96,3000.0,26325.0
2024-10-17,1620.0,4950.0,2380.0,10353.21,5047.84,4555.59,985.0,570.0,6564.57,1380.0,1060.0,484.0,430.0,950.0,12500.0,7175.0,7900.0,1525.44,4830.0,1690.0,677.35,3050.0,510.0,3120.0,1918.7,3040.0,26725.0
2024-10-18,1625.0,4920.0,2350.0,10377.35,5185.51,4546.45,985.0,575.0,6519.14,1400.0,1100.0,484.0,438.0,935.0,12800.0,7425.0,7825.0,1539.78,4830.0,1715.0,677.35,3070.0,500.0,3060.0,1957.96,3100.0,26725.0
2024-10-21,1690.0,5100.0,2390.0,10304.95,5162.57,4564.74,975.0,570.0,6541.86,1355.0,1115.0,486.0,505.0,955.0,12500.0,7400.0,7675.0,1535.0,4830.0,1660.0,677.35,3080.0,505.0,3050.0,1948.14,3100.0,26725.0
2024-10-22,1670.0,5275.0,2390.0,10136.01,5185.51,4482.41,990.0,570.0,6428.28,1365.0,1135.0,490.0,505.0,980.0,12525.0,7425.0,7825.0,1575.0,4840.0,1680.0,682.15,3040.0,496.0,3100.0,1953.05,3010.0,27075.0
2024-10-23,1650.0,5300.0,2530.0,10280.81,5208.46,4445.82,990.0,570.0,6428.28,1355.0,1170.0,490.0,486.0,950.0,12600.0,7500.0,7800.0,1640.0,4830.0,1675.0,677.35,3050.0,490.0,3060.0,1953.05,2940.0,27025.0
2024-10-24,1620.0,5275.0,2570.0,10329.08,5162.57,4409.23,985.0,565.0,6337.42,1335.0,1120.0,486.0,510.0,975.0,12525.0,7525.0,7725.0,1695.0,4800.0,1645.0,677.35,3010.0,472.0,3060.0,1943.24,2900.0,26875.0
2024-10-25,1585.0,5225.0,2510.0,10377.35,5185.51,4363.49,980.0,565.0,6405.57,1330.0,1140.0,478.0,492.0,945.0,12650.0,7500.0,7600.0,1680.0,4720.0,1620.0,677.35,2980.0,468.0,3010.0,1933.42,2910.0,26800.0
2024-10-28,1610.0,5250.0,2550.0,10232.55,5047.84,4354.34,970.0,565.0,6201.14,1320.0,1140.0,470.0,482.0,950.0,12650.0,7525.0,7475.0,1665.0,4680.0,1630.0,677.35,2940.0,472.0,3070.0,1908.89,2920.0,26800.0
2024-10-29,1615.0,5125.0,2580.0,10136.01,4864.28,4299.46,975.0,560.0,6201.14,1310.0,1125.0,470.0,496.0,940.0,12575.0,7575.0,7450.0,1830.0,4810.0,1615.0,677.35,2940.0,480.0,3110.0,1889.26,2900.0,26350.0
2024-10-30,1630.0,5200.0,2510.0,9991.21,4795.45,4308.6,975.0,555.0,6132.99,1340.0,1100.0,472.0,488.0,965.0,12450.0,7475.0,7300.0,1810.0,4850.0,1605.0,672.54,2920.0,476.0,3140.0,1850.0,2900.0,26425.0
2024-10-31,1600.0,5100.0,2510.0,9894.68,4818.4,4390.93,980.0,560.0,6087.56,1340.0,1100.0,478.0,510.0,985.0,12325.0,7600.0,7200.0,1830.0,4850.0,1615.0,667.74,2990.0,478.0,3750.0,1894.16,2820.0,27450.0
2024-11-01,1520.0,5075.0,2480.0,10063.61,4772.51,4299.46,965.0,555.0,6042.13,1280.0,1070.0,470.0,484.0,965.0,12100.0,7300.0,7200.0,1750.0,4780.0,1570.0,677.35,2980.0,466.0,3080.0,1894.16,2780.0,27250.0
2024-11-04,1525.0,5125.0,2470.0,10015.35,4864.28,4317.75,965.0,555.0,6132.99,1235.0,1095.0,470.0,478.0,950.0,12325.0,7450.0,6875.0,1795.0,4700.0,1590.0,677.35,2930.0,454.0,2990.0,1884.35,2800.0,27350.0
2024-11-05,1575.0,5175.0,2500.0,10136.01,4956.06,4308.6,970.0,550.0,6291.99,1195.0,1135.0,466.0,450.0,930.0,12600.0,7875.0,6950.0,1790.0,4710.0,1600.0,677.35,2930.0,454.0,3050.0,1884.35,2770.0,27000.0
2024-11-06,1540.0,5050.0,2480.0,10087.75,4703.67,4207.98,965.0,555.0,5951.27,1135.0,1135.0,452.0,460.0,935.0,12150.0,7800.0,6825.0,1735.0,4720.0,1590.0,682.15,2930.0,430.0,2960.0,1884.35,2740.0,27200.0
2024-11-07,1575.0,5000.0,2450.0,9822.28,4611.89,4162.24,960.0,550.0,5837.7,1190.0,1170.0,458.0,450.0,880.0,12075.0,7900.0,6750.0,1705.0,4760.0,1570.0,677.35,2940.0,440.0,2960.0,1850.0,2760.0,27225.0
2024-11-08,1585.0,4960.0,2390.0,9725.75,4570.59,4134.8,960.0,550.0,5746.84,1160.0,1215.0,454.0,472.0,840.0,12100.0,7700.0,6825.0,1725.0,4780.0,1540.0,677.35,2950.0,434.0,3000.0,1840.0,2750.0,27450.0
2024-11-11,1530.0,4970.0,2380.0,9701.61,4579.77,4079.91,945.0,545.0,5769.55,1125.0,1290.0,444.0,490.0,815.0,11950.0,7800.0,6975.0,1730.0,4700.0,1510.0,677.35,2810.0,446.0,2880.0,1880.0,2690.0,26100.0
2024-11-12,1565.0,4970.0,2420.0,9798.15,4524.7,4116.5,945.0,545.0,5792.27,1160.0,1370.0,444.0,496.0,870.0,11850.0,7850.0,7050.0,1765.0,4710.0,1500.0,677.35,2850.0,446.0,2900.0,1895.0,2600.0,26725.0
2024-11-13,1500.0,5025.0,2400.0,9798.15,4552.24,4189.68,950.0,550.0,5837.7,1125.0,1125.0,448.0,500.0,825.0,11850.0,7725.0,6925.0,1715.0,4580.0,1500.0,672.54,2900.0,436.0,2900.0,1870.0,2580.0,26400.0
2024-11-14,1480.0,4950.0,2390.0,9749.88,4543.06,4116.5,955.0,545.0,5792.27,1120.0,1170.0,438.0,500.0,830.0,11450.0,7700.0,6950.0,1700.0,4570.0,1450.0,672.54,2880.0,432.0,2900.0,1845.0,2530.0,25975.0
2024-11-15,1400.0,4940.0,2340.0,9822.28,4506.35,4089.06,945.0,545.0,5769.55,1135.0,1160.0,438.0,482.0,840.0,11675.0,7725.0,6950.0,1710.0,4560.0,1420.0,677.35,2850.0,424.0,3000.0,1860.0,2540.0,26550.0
2024-11-18,1395.0,4930.0,2300.0,9653.35,4469.64,3979.28,940.0,540.0,5746.84,1065.0,1195.0,438.0,460.0,840.0,11975.0,7725.0,6900.0,1710.0,4540.0,1435.0,677.35,2800.0,424.0,3000.0,1840.0,2590.0,25850.0
2024-11-19,1475.0,4970.0,2350.0,9580.95,4451.28,3988.43,950.0,540.0,5678.7,1100.0,1220.0,448.0,476.0,855.0,11900.0,7800.0,7000.0,1715.0,4520.0,1425.0,677.35,2800.0,440.0,3040.0,1870.0,2780.0,26350.0
2024-11-20,1470.0,5000.0,2320.0,9725.75,4451.28,3960.99,945.0,540.0,5655.98,1085.0,1200.0,454.0,488.0,835.0,11800.0,7800.0,6875.0,1700.0,4560.0,1465.0,677.35,2790.0,438.0,2980.0,1840.0,2680.0,26425.0
2024-11-21,1490.0,4890.0,2260.0,9555.97,4331.97,3887.81,940.0,540.0,5587.84,1065.0,1165.0,454.0,480.0,840.0,11800.0,7625.0,6875.0,1700.0,4580.0,1450.0,672.54,2790.0,432.0,3000.0,1865.0,2770.0,26675.0
2024-11-22,1450.0,4910.0,2330.0,9555.97,4442.1,4025.02,950.0,545.0,5678.7,1070.0,1090.0,454.0,484.0,835.0,12000.0,7475.0,7000.0,1760.0,4600.0,1470.0,672.54,2780.0,428.0,3060.0,1875.0,2750.0,27000.0
2024-11-25,1485.0,5175.0,2340.0,9871.27,4579.77,4089.06,960.0,555.0,5973.99,1100.0,1100.0,456.0,474.0,820.0,11950.0,7600.0,6825.0,1760.0,4600.0,1500.0,682.15,2770.0,430.0,3020.0,1870.0,2740.0,27600.0
2024-11-26,1450.0,5150.0,2290.0,9701.49,4543.06,4025.02,955.0,555.0,5814.98,1120.0,1125.0,448.0,482.0,835.0,11975.0,7650.0,6875.0,1700.0,4700.0,1480.0,667.74,2760.0,424.0,3040.0,1895.0,2710.0,27500.0
2024-11-28,1420.0,5125.0,2340.0,9701.49,4611.89,3960.99,950.0,545.0,5860.41,1095.0,1155.0,444.0,490.0,810.0,11900.0,7650.0,6900.0,1715.0,4600.0,1495.0,677.35,2800.0,424.0,3080.0,1905.0,2720.0,27375.0
2024-11-29,1430.0,5100.0,2310.0,9701.49,4570.59,3887.81,940.0,545.0,5587.84,1070.0,1135.0,442.0,486.0,820.0,11900.0,7550.0,6850.0,1710.0,4450.0,1500.0,677.35,2760.0,418.0,3150.0,1855.0,2710.0,26775.0
2024-12-02,1410.0,4940.0,2250.0,9458.96,4322.79,3814.62,940.0,545.0,5451.55,1025.0,1120.0,442.0,510.0,830.0,11850.0,7550.0,6850.0,1710.0,4420.0,1475.0,667.74,2750.0,406.0,3030.0,1795.0,2680.0,27400.0
2024-12-03,1450.0,5125.0,2300.0,9895.52,4387.03,3878.66,940.0,545.0,5701.41,1075.0,1135.0,444.0,550.0,840.0,11925.0,7775.0,6900.0,1760.0,4460.0,1480.0,677.35,2720.0,402.0,3060.0,1820.0,2820.0,27150.0
2024-12-04,1465.0,5225.0,2330.0,9895.52,4543.06,3979.28,940.0,550.0,5792.27,1105.0,1135.0,450.0,540.0,825.0,11800.0,7850.0,6975.0,1815.0,4580.0,1485.0,682.15,2670.0,422.0,3100.0,1910.0,2840.0,27625.0
2024-12-05,1490.0,5200.0,2340.0,9944.03,4423.75,3896.95,945.0,550.0,5587.84,1100.0,1175.0,456.0,530.0,810.0,11900.0,7875.0,6900.0,1825.0,4570.0,1505.0,682.15,2660.0,428.0,3100.0,1935.0,2770.0,27625.0
2024-12-06,1485.0,5150.0,2340.0,9774.25,4460.46,3942.69,940.0,555.0,5655.98,1085.0,1170.0,466.0,575.0,815.0,11825.0,7925.0,6900.0,1850.0,4580.0,1465.0,691.76,2660.0,426.0,3070.0,1940.0,2760.0,27950.0
2024-12-09,1490.0,5225.0,2340.0,10041.04,4588.95,4015.87,950.0,555.0,5792.27,1065.0,1225.0,472.0,575.0,815.0,11775.0,8200.0,6975.0,1955.0,4520.0,1485.0,700.0,2660.0,422.0,3060.0,1960.0,2740.0,28500.0
2024-12-10,1625.0,5225.0,2390.0,10041.04,4680.73,3988.43,950.0,555.0,5724.12,1060.0,1185.0,470.0,620.0,815.0,11725.0,8150.0,7000.0,1930.0,4450.0,1505.0,700.0,2690.0,414.0,3060.0,1945.0,2770.0,28200.0
2024-12-11,1600.0,5250.0,2380.0,10113.81,4657.78,4006.73,955.0,555.0,5724.12,1050.0,1095.0,472.0,600.0,810.0,11725.0,8200.0,7200.0,1925.0,4540.0,1505.0,695.0,2680.0,416.0,3100.0,1910.0,2860.0,27775.0
2024-12-12,1615.0,5100.0,2350.0,9871.27,4478.81,3896.95,955.0,555.0,5565.12,1025.0,1055.0,464.0,610.0,810.0,11600.0,8200.0,7300.0,1960.0,4500.0,1455.0,700.0,2670.0,406.0,3070.0,1955.0,2820.0,27950.0
2024-12-13,1585.0,5125.0,2350.0,9750.0,4341.14,3814.62,950.0,550.0,5474.26,1015.0,1075.0,462.0,585.0,805.0,11850.0,8175.0,7350.0,1950.0,4460.0,1445.0,695.0,2660.0,400.0,3050.0,1960.0,2790.0,28125.0
2024-12-16,1560.0,5125.0,2320.0,9798.51,4258.54,3887.81,945.0,545.0,5519.69,1020.0,1030.0,452.0,575.0,800.0,11800.0,8125.0,7350.0,1950.0,4370.0,1440.0,700.0,2650.0,404.0,3030.0,1965.0,2660.0,28025.0
2024-12-17,1510.0,4980.0,2280.0,9604.48,4102.52,3796.33,930.0,540.0,5406.12,1005.0,1020.0,442.0,555.0,790.0,11525.0,8050.0,7350.0,1840.0,4300.0,1400.0,705.0,2640.0,396.0,3040.0,1930.0,2620.0,26250.0
2024-12-18,1515.0,5000.0,2240.0,9507.46,4065.81,3796.33,925.0,540.0,5292.54,965.0,1055.0,440.0,560.0,770.0,11325.0,7825.0,7350.0,1930.0,4180.0,1380.0,700.0,2640.0,398.0,3030.0,1940.0,2570.0,26275.0
2024-12-19,1470.0,4880.0,2150.0,9386.19,3955.67,3741.44,915.0,530.0,5156.26,985.0,995.0,428.0,530.0,755.0,11200.0,7650.0,7350.0,1850.0,4030.0,1320.0,685.0,2610.0,388.0,2950.0,1920.0,2530.0,26300.0
2024-12-20,1420.0,4870.0,2180.0,9361.94,3909.78,3714.0,905.0,535.0,5156.26,955.0,930.0,434.0,525.0,815.0,11250.0,7625.0,7400.0,1890.0,4090.0,1275.0,690.0,2670.0,388.0,3030.0,1905.0,2550.0,25675.0
2024-12-23,1455.0,4950.0,2280.0,9483.21,4019.92,3851.21,910.0,535.0,5292.54,965.0,920.0,432.0,545.0,840.0,11425.0,7725.0,7500.0,1910.0,4350.0,1330.0,695.0,2680.0,394.0,3000.0,1945.0,2650.0,25450.0
2024-12-24,1435.0,4880.0,2230.0,9458.96,4019.92,3842.07,910.0,540.0,5224.4,975.0,920.0,430.0,515.0,805.0,11575.0,7625.0,7575.0,1890.0,4310.0,1400.0,690.0,2700.0,390.0,3030.0,1925.0,2740.0,25200.0
2024-12-27,1525.0,4930.0,2220.0,9507.46,4001.56,3875.15,910.0,535.0,5269.83,975.0,925.0,434.0,486.0,820.0,11425.0,7700.0,7600.0,1875.0,4330.0,1355.0,690.0,2670.0,400.0,3090.0,1905.0,2750.0,25400.0
2024-12-30,1525.0,4900.0,2300.0,9386.19,3992.38,3856.24,910.0,540.0,5178.97,980.0,950.0,432.0,492.0,810.0,11375.0,7700.0,7400.0,1940.0,4330.0,1360.0,695.0,2700.0,398.0,3240.0,1900.0,2710.0,26775.0
2025-01-02,1545.0,4950.0,2300.0,9604.48,4212.65,3979.11,925.0,550.0,5315.26,995.0,900.0,438.0,525.0,825.0,11225.0,7475.0,7350.0,1885.0,4360.0,1340.0,695.0,2670.0,402.0,3040.0,1930.0,2700.0,25700.0
2025-01-03,1520.0,4950.0,2250.0,9555.97,4166.76,3922.41,930.0,550.0,5269.83,1000.0,925.0,438.0,525.0,840.0,11375.0,7550.0,7075.0,1875.0,4440.0,1325.0,685.0,2640.0,398.0,3090.0,1900.0,2750.0,25575.0
2025-01-06,1465.0,4860.0,2220.0,9386.19,4065.81,3875.15,930.0,545.0,5156.26,980.0,930.0,440.0,550.0,805.0,11175.0,7375.0,6875.0,1850.0,4580.0,1280.0,690.0,2700.0,392.0,3110.0,1920.0,2690.0,25400.0
2025-01-07,1435.0,4920.0,2230.0,9240.67,4001.56,3808.99,940.0,540.0,5088.11,995.0,950.0,436.0,525.0,815.0,10925.0,7450.0,6750.0,1875.0,4480.0,1290.0,680.0,2650.0,388.0,3110.0,1865.0,2570.0,25850.0
2025-01-08,1430.0,4810.0,2210.0,9386.19,4010.74,3856.24,930.0,550.0,5224.4,970.0,955.0,444.0,525.0,795.0,11100.0,7475.0,6525.0,1835.0,4400.0,1275.0,685.0,2620.0,382.0,3100.0,1850.0,2650.0,25175.0
2025-01-09,1420.0,4930.0,2200.0,9555.97,4019.92,3808.99,930.0,545.0,5224.4,970.0,950.0,438.0,520.0,810.0,11025.0,7500.0,6400.0,1815.0,4480.0,1270.0,685.0,2520.0,378.0,3100.0,1825.0,2620.0,24975.0
2025-01-10,1465.0,4900.0,2200.0,9434.7,3992.38,3790.08,925.0,550.0,5088.11,950.0,960.0,442.0,525.0,810.0,11075.0,7725.0,6300.0,1835.0,4500.0,1260.0,690.0,2520.0,386.0,3110.0,1795.0,2680.0,25100.0
2025-01-13,1480.0,4750.0,2150.0,9386.19,3863.89,3638.86,920.0,540.0,5019.97,915.0,1075.0,448.0,500.0,825.0,11100.0,7725.0,6100.0,1870.0,4410.0,1265.0,675.0,2540.0,382.0,3100.0,1775.0,2670.0,25400.0
2025-01-14,1520.0,4750.0,2120.0,9240.67,3790.47,3591.6,910.0,540.0,4906.39,890.0,1060.0,444.0,540.0,865.0,10750.0,7525.0,6025.0,1865.0,4240.0,1225.0,670.0,2560.0,380.0,3070.0,1755.0,2620.0,25500.0
2025-01-15,1530.0,4940.0,2150.0,9507.46,4047.45,3865.7,930.0,555.0,5224.4,960.0,1100.0,444.0,565.0,865.0,10775.0,7700.0,6125.0,1875.0,4240.0,1255.0,670.0,2580.0,400.0,3080.0,1810.0,2630.0,25700.0
2025-01-16,1520.0,4880.0,2120.0,9458.96,4130.05,3931.86,940.0,565.0,5337.97,945.0,1095.0,450.0,535.0,845.0,10925.0,7575.0,6125.0,1850.0,4300.0,1235.0,670.0,2580.0,396.0,3060.0,1775.0,2590.0,26175.0
2025-01-17,1520.0,4940.0,2150.0,9604.48,4102.52,3865.7,935.0,565.0,5337.97,935.0,1005.0,446.0,540.0,855.0,10825.0,7600.0,6075.0,1855.0,4300.0,1225.0,680.0,2570.0,398.0,3020.0,1805.0,2660.0,26425.0
2025-01-20,1510.0,4910.0,2110.0,9337.69,4240.19,3988.57,940.0,570.0,5451.55,960.0,1005.0,442.0,550.0,845.0,10525.0,7375.0,6100.0,1955.0,4250.0,1220.0,670.0,2610.0,400.0,3000.0,1755.0,2610.0,25975.0
2025-01-21,1510.0,4910.0,2080.0,9289.18,4350.32,4026.37,950.0,575.0,5496.98,970.0,980.0,440.0,560.0,845.0,11000.0,7450.0,6200.0,1930.0,4360.0,1240.0,670.0,2600.0,398.0,2930.0,1785.0,2630.0,25700.0
2025-01-22,1520.0,4960.0,2080.0,9313.43,4396.21,4026.37,945.0,580.0,5587.84,960.0,970.0,436.0,555.0,870.0,11375.0,7625.0,6125.0,1905.0,4340.0,1260.0,665.0,2590.0,390.0,2950.0,1785.0,2730.0,25925.0
2025-01-23,1490.0,4900.0,2100.0,9313.43,4267.72,4064.18,950.0,585.0,5610.55,980.0,980.0,436.0,555.0,850.0,11275.0,7500.0,6125.0,1875.0,4420.0,1235.0,660.0,2560.0,388.0,2940.0,1765.0,2710.0,25450.0
2025-01-24,1490.0,4870.0,2090.0,9070.9,4231.01,3960.21,945.0,580.0,5565.12,1005.0,980.0,436.0,540.0,850.0,11425.0,7550.0,6050.0,2020.0,4320.0,1220.0,665.0,2580.0,398.0,2930.0,1770.0,2690.0,25100.0
2025-01-30,1395.0,4780.0,2040.0,8876.87,4258.54,3894.05,945.0,570.0,5542.41,995.0,980.0,436.0,575.0,850.0,11575.0,7625.0,5875.0,2000.0,4260.0,1235.0,660.0,2540.0,388.0,2900.0,1780.0,2640.0,24475.0
